/*
Navicat MySQL Data Transfer

Source Server         : hahabibu
Source Server Version : 50557
Source Host           : localhost:3306
Source Database       : dada-manager

Target Server Type    : MYSQL
Target Server Version : 50557
File Encoding         : 65001

Date: 2019-05-23 15:59:15
*/

SET FOREIGN_KEY_CHECKS=0;

-- ----------------------------
-- Table structure for authority_info
-- ----------------------------
DROP TABLE IF EXISTS `authority_info`;
CREATE TABLE `authority_info` (
  `authority_id` varchar(40) NOT NULL COMMENT '权限id（菜单模块id）',
  `parent_id` varchar(40) DEFAULT NULL COMMENT '父级权限（父菜单模块）',
  `authority_code` varchar(40) DEFAULT NULL COMMENT '权限编码（菜单模块编码）',
  `authority_name` varchar(100) DEFAULT NULL COMMENT '权限名称（菜单模块名称）',
  `authority_icon` varchar(40) DEFAULT NULL COMMENT '权限图标(菜单图标)',
  `authority_descr` text COMMENT '权限描述（菜单模块描述）',
  `authority_url` varchar(1000) DEFAULT NULL COMMENT '权限url（菜单模块访问url）',
  `isLeaf` varchar(40) DEFAULT NULL COMMENT '是否为叶子节点（0.非叶子节点 1.叶子节点）',
  `del_flag` varchar(40) DEFAULT NULL COMMENT '删除标识（0.未删除 1.已删除）',
  `create_time` datetime DEFAULT NULL COMMENT '创建时间',
  `modify_time` datetime DEFAULT NULL COMMENT '修改时间',
  PRIMARY KEY (`authority_id`)
) ENGINE=InnoDB DEFAULT CHARSET=utf8;

-- ----------------------------
-- Records of authority_info
-- ----------------------------
INSERT INTO `authority_info` VALUES ('052383217ec049169db1bc0fd4ad24ce', '-1', 'report', '报表管理', 'icon-signal', '报表管理：包括报表基本信息管理、报表分类管理、报表预览等模块', 'http://localhost:8082/portal/report', '0', '0', '2019-03-10 00:00:00', '2019-03-10 00:00:00');
INSERT INTO `authority_info` VALUES ('071536b9acab4a9984c4b6d936cb8309', 'd2v5g3h6h5y8r7t8yu5e4r1tf5v2gt3y', 'xxjl', '消息记录', 'icon-desktop', '消息记录', 'http://localhost:8082/portal/page/other?url=error/default', '1', '0', '2019-04-19 17:11:52', '2019-04-19 17:11:52');
INSERT INTO `authority_info` VALUES ('111880a115a0450c95e959d5dc78d45a', '-1', 'system', '系统管理', 'icon-cog', '系统管理测试', 'http://localhost:8082/portal/system', '0', '0', '2019-02-17 17:20:12', '2019-02-17 17:20:12');
INSERT INTO `authority_info` VALUES ('231c760bb83648f8ad863a7b58788a62', '052383217ec049169db1bc0fd4ad24ce', 'report_preview', '报表预览', null, '报表预览模块', 'http://localhost:8082/portal/page/other?url=portal/report/preview/preview_list', '1', '0', '2019-04-07 16:24:52', '2019-04-07 16:24:52');
INSERT INTO `authority_info` VALUES ('253114383ac74536bedc3f510082a581', '-1', 'ssfcd', '搜索父菜单', 'icon-search', '搜索父菜单测试....', 'http://localhost:8082/portal/page/other?url=error/default', '0', '0', '2019-05-14 20:59:33', '2019-05-14 20:59:33');
INSERT INTO `authority_info` VALUES ('2b9901d0cbaa45c782faf4397e6af942', '111880a115a0450c95e959d5dc78d45a', 'role_manager', '角色管理', '-1', '角色管理测试', 'http://localhost:8082/portal/page/other?url=portal/system/roleInfo/role_list', '1', '0', '2019-02-17 17:31:34', '2019-02-17 17:31:34');
INSERT INTO `authority_info` VALUES ('2fb215a0e5a54968b04c7009da88bc20', '111880a115a0450c95e959d5dc78d45a', 'authority_manager', '权限管理', '-1', '权限管理测试', 'http://localhost:8082/portal/page/other?url=portal/system/authority/roleAuthority_list', '1', '0', '2019-02-17 17:26:33', '2019-02-17 17:26:33');
INSERT INTO `authority_info` VALUES ('40f822e8a7a34853b28510bc9c777384', '-1', 'organization_category', '机构信息维护', 'icon-sitemap', '机构信息维护测试', 'http://localhost:8082/portal/organization', '0', '0', '2019-02-17 17:17:27', '2019-02-17 17:17:27');
INSERT INTO `authority_info` VALUES ('4410c5572a874b648acc5102c62b880d', '40f822e8a7a34853b28510bc9c777384', 'category_manager', '机构信息', '-1', '机构信息测试', 'http://localhost:8082/portal/page/other?url=portal/organization/base/category_edit', '1', '0', '2019-02-17 18:15:24', '2019-02-17 18:15:24');
INSERT INTO `authority_info` VALUES ('4d934c8baafc4cc680e73958330eec1e', '40f822e8a7a34853b28510bc9c777384', 'template_manager', '用户管理', '-1', '用户管理测试', 'http://localhost:8082/portal/page/other?url=portal/organization/userInfo/user_list', '1', '0', '2019-02-17 17:19:54', '2019-02-17 17:19:54');
INSERT INTO `authority_info` VALUES ('54b689b8af3e4a6495f0c8ff01bbb3b3', '052383217ec049169db1bc0fd4ad24ce', 'report_classify', '报表分类', null, '报表分类管理，设置报表发布属性', 'http://localhost:8082/portal/page/other?url=portal/report/classify/classify_list', '1', '0', '2019-04-06 10:19:39', '2019-04-06 10:19:39');
INSERT INTO `authority_info` VALUES ('5ac5f9f06c1a498e8b008253729c8145', '-1', 'test01', '扩展模块', 'icon-table', '扩展模块', 'http://localhost:8082/portal/page/other', '0', '0', '2019-04-09 00:00:00', '2019-04-09 00:00:00');
INSERT INTO `authority_info` VALUES ('76714ddccc8e4a70917a15f8c485ec28', '5ac5f9f06c1a498e8b008253729c8145', 'test011', '扩展子模块修改', null, '扩展子模块', 'http://localhost:8082/portal/page/other?url=error/default', '1', '0', '2019-04-09 00:00:00', '2019-04-09 00:00:00');
INSERT INTO `authority_info` VALUES ('933e8648504a4c8e8b4604ba63af9890', 'a65599e2a652454cb8fa91d6ee928cc9', 'cszcd', '测试子菜单', 'icon-bullhorn', '测试', 'http://localhost:8082/portal/page/other?url=error/default', '1', '0', '2019-05-15 09:03:26', '2019-05-15 09:03:26');
INSERT INTO `authority_info` VALUES ('a32aca30196741138e64747c458781ef', '253114383ac74536bedc3f510082a581', 'sszcd', '搜索子菜单', 'icon-desktop', '搜索子菜单测试....', 'http://localhost:8082/portal/page/other?url=error/default', '1', '0', '2019-05-14 21:00:32', '2019-05-14 21:00:32');
INSERT INTO `authority_info` VALUES ('a42595624fcc4c7da1ac7d46ae562815', '-1', 'template_manager', '模板管理', 'icon-paste', '模板管理测试', '/portal/system/roleInfo', '0', '0', '2019-02-17 17:16:32', '2019-02-17 17:16:32');
INSERT INTO `authority_info` VALUES ('a65599e2a652454cb8fa91d6ee928cc9', '-1', 'csfcd', '测试父菜单', 'icon-envelope', '测试ing', 'http://localhost:8082/portal/page/other?url=error/default', '0', '0', '2019-05-15 09:02:56', '2019-05-15 09:02:56');
INSERT INTO `authority_info` VALUES ('bebc4386702a40c68a91371a409b3154', '052383217ec049169db1bc0fd4ad24ce', 'report_data', '报表信息', null, '报表信息模块：报表信息基本维护', 'http://localhost:8082/portal/page/other?url=portal/report/organization/report_list', '1', '0', '2019-03-10 12:46:01', '2019-03-10 12:46:01');
INSERT INTO `authority_info` VALUES ('c0f7e47d53f64019b7c68d686a15b240', 'a42595624fcc4c7da1ac7d46ae562815', 'template_info', '模板信息', '-1', '模板信息测试', '/portal/system/roleInfo', '1', '0', '2019-02-17 17:29:34', '2019-02-17 17:29:34');
INSERT INTO `authority_info` VALUES ('d2v5g3h6h5y8r7t8yu5e4r1tf5v2gt3y', '-1', 'message_manager', '消息管理', ' icon-comments-alt', '消息管理', 'http://localhost:8082/portal/page/other?url=portal/message/', '0', '0', null, null);
INSERT INTO `authority_info` VALUES ('d433daf47a4d4866b75f9ec7f9499eb5', 'kdirkgj25635tg8j7i1m2g5r3g5cd2r', 'data_source_info', '数据源信息', null, '数据源信息管理', 'http://localhost:8082/portal/page/other?url=portal/datasource/datasource_list', '1', '0', '2019-03-31 23:58:14', '2019-03-31 23:58:14');
INSERT INTO `authority_info` VALUES ('d4ca0f4b3ba24b6898e6998d42a19637', 'a42595624fcc4c7da1ac7d46ae562815', 'template_check', '模板审核', '-1', '模板审核测试测试', '/portal/system/roleInfo', '1', '0', '2019-02-17 17:51:29', '2019-02-17 17:51:29');
INSERT INTO `authority_info` VALUES ('e95f0bc7e0594136a6ae28a84822c991', '40f822e8a7a34853b28510bc9c777384', 'department', '部门管理', null, '机构部门管理', 'http://localhost:8082/portal/page/other?url=portal/organization/dept/dept_list', '1', '0', '2019-03-31 10:30:32', '2019-03-31 10:30:32');
INSERT INTO `authority_info` VALUES ('kdirkgj25635tg8j7i1m2g5r3g5cd2r', '-1', 'datasource_manager', '数据源管理', 'icon-link', '数据源管理', '/portal/system/roleInfo', '0', '0', '2019-02-17 18:15:24', '2019-02-17 18:15:24');

-- ----------------------------
-- Table structure for data_dictionary
-- ----------------------------
DROP TABLE IF EXISTS `data_dictionary`;
CREATE TABLE `data_dictionary` (
  `data_id` varchar(40) NOT NULL COMMENT '数据id',
  `data_code` varchar(100) DEFAULT NULL COMMENT '数据编码',
  `data_name` varchar(100) DEFAULT NULL COMMENT '数据名称',
  `data_type` varchar(100) DEFAULT NULL COMMENT '数据类型',
  `data_desc` text COMMENT '数据描述',
  `data_status` varchar(40) DEFAULT NULL COMMENT '数据状态（0.禁用 1.启用）',
  `isLeaf` varchar(40) DEFAULT NULL COMMENT '是否为树节点标识（0.树节点 1.子节点）',
  `create_time` datetime DEFAULT NULL COMMENT '创建时间',
  `modify_time` datetime DEFAULT NULL COMMENT '修改时间',
  `parent_id` varchar(40) DEFAULT NULL COMMENT '父节点id',
  PRIMARY KEY (`data_id`),
  KEY `data_dictionary_ibfk_1` (`parent_id`)
) ENGINE=InnoDB DEFAULT CHARSET=utf8;

-- ----------------------------
-- Records of data_dictionary
-- ----------------------------
INSERT INTO `data_dictionary` VALUES ('04fb03a47d6e43c1b06734ee7bc2047d', 'report_file_public_status_public', '公共', null, '公共', '0', '1', '2019-04-09 02:15:21', '2019-04-09 02:15:21', 'cea73bd605de4049bc95aeef53801e41');
INSERT INTO `data_dictionary` VALUES ('0f452f1b503b409c88fb9a9df6a0f331', 'gender', '用户性别', null, '性别（-1.默认 0.男 1.女）', '1', '0', '2019-02-14 00:25:27', '2019-02-14 00:25:31', '-1');
INSERT INTO `data_dictionary` VALUES ('0fd8279a1b834bbaa7b266d02bc04e98', 'login_status_unsave', '不保存', null, '不保存', '0', '1', '2019-04-09 02:09:33', '2019-04-09 02:09:33', 'c246954eeb404585a9dde4c142feb7cc');
INSERT INTO `data_dictionary` VALUES ('139191c66cee4b629f6dbcef48ecaffa', 'report_file_public_status_private', '私有化', null, '私有化', '0', '1', '2019-04-09 02:14:22', '2019-04-09 02:14:22', 'cea73bd605de4049bc95aeef53801e41');
INSERT INTO `data_dictionary` VALUES ('2a78c28e512d4b2a8255ddd41d04ab19', 'login_status_save', '保存', null, '保存', '0', '1', '2019-04-09 02:08:54', '2019-04-09 02:08:54', 'c246954eeb404585a9dde4c142feb7cc');
INSERT INTO `data_dictionary` VALUES ('3be100e100c74601bdf10d82bf6f1955', 'report_file_visible_status_false', '显示', null, '显示', '0', '1', '2019-04-09 02:29:46', '2019-04-09 02:29:46', '46c7a7c737ec4fc7a0e8c2dbb87f3d87');
INSERT INTO `data_dictionary` VALUES ('46c7a7c737ec4fc7a0e8c2dbb87f3d87', 'report_file_visible_status', '报表隐藏状态', null, '报表隐藏状态', '0', '0', '2019-04-09 02:28:50', '2019-04-09 02:28:50', '-1');
INSERT INTO `data_dictionary` VALUES ('4bfc9e6b3de94f1fb148052d38f72f09', 'male', '男', null, '性别（-1.默认 0.男 1.女）', '0', '1', '2019-02-14 00:25:27', '2019-02-14 00:25:27', '0f452f1b503b409c88fb9a9df6a0f331');
INSERT INTO `data_dictionary` VALUES ('a01bdaf8bbb144a4be4bde82e00e9e10', 'del_tag_delete', '删除状态', null, '删除状态', '0', '1', '2019-04-09 02:04:25', '2019-04-09 02:04:25', 'ec0c06e7ea274be6b339786cdfca389b');
INSERT INTO `data_dictionary` VALUES ('a877131d73c4489f8e21a71e39592265', 'default_gender', '性别保密', null, null, '0', '1', '2019-02-17 11:28:29', '2019-02-17 11:28:29', '0f452f1b503b409c88fb9a9df6a0f331');
INSERT INTO `data_dictionary` VALUES ('b3662f73fbc0475f9acbe6223e66bd95', 'del_tag_save', '保存状态', null, '保存状态', '0', '1', '2019-04-09 02:06:03', '2019-04-09 02:06:03', 'ec0c06e7ea274be6b339786cdfca389b');
INSERT INTO `data_dictionary` VALUES ('b3b281c1ec5b4fcdb66dda0aa8bb49b0', 'del_tag_default', '默认状态', null, '默认状态', '0', '1', '2019-04-09 02:03:41', '2019-04-09 02:03:41', 'ec0c06e7ea274be6b339786cdfca389b');
INSERT INTO `data_dictionary` VALUES ('bf8892a0913b415db9dcfcde5e126499', 'female', '女', null, '性别（-1.默认 0.男 1.女）', '0', '1', '2019-02-14 00:25:27', '2019-02-14 00:25:27', '0f452f1b503b409c88fb9a9df6a0f331');
INSERT INTO `data_dictionary` VALUES ('c246954eeb404585a9dde4c142feb7cc', 'login_status', '登录信息保存状态', null, '登录信息保存状态（登录信息保存状态:save-保存、unsave-不保存）', '0', '0', '2019-04-09 02:08:22', '2019-04-09 02:08:22', '-1');
INSERT INTO `data_dictionary` VALUES ('cea73bd605de4049bc95aeef53801e41', 'report_file_public_status', '报表公共状态', null, '报表公共状态（0.私有化 1.公开）', '0', '0', '2019-04-09 02:13:40', '2019-04-09 02:13:40', '-1');
INSERT INTO `data_dictionary` VALUES ('d18b2acd703246d5a4a8c89d674f4ba8', 'report_file_visible_status_true', '待定', null, '隐藏', '0', '1', '2019-04-09 02:29:21', '2019-04-09 02:29:21', '46c7a7c737ec4fc7a0e8c2dbb87f3d87');
INSERT INTO `data_dictionary` VALUES ('ec0c06e7ea274be6b339786cdfca389b', 'del_tag', '删除标识', null, '删除标识（0.未删除-保存状态 1.已删除-删除状态 -1.默认状态）', '0', '0', '2019-04-09 02:03:01', '2019-04-09 02:03:01', '-1');

-- ----------------------------
-- Table structure for data_source_info
-- ----------------------------
DROP TABLE IF EXISTS `data_source_info`;
CREATE TABLE `data_source_info` (
  `config_id` varchar(40) NOT NULL COMMENT '配置id',
  `config_name` varchar(100) DEFAULT NULL COMMENT '配置名称',
  `user_id` varchar(40) DEFAULT NULL COMMENT '最近修改人',
  `category_id` varchar(40) DEFAULT NULL COMMENT '所属机构',
  `config_content` text COMMENT '配置内容(基本属性:用户名、密码、驱动、url)',
  `create_time` datetime DEFAULT NULL COMMENT '创建时间',
  `modify_time` datetime DEFAULT NULL COMMENT '修改时间',
  `prefer_state` varchar(40) DEFAULT NULL COMMENT '数据源首选状态（1.首选数据源 2.备选数据源 -1:默认普通数据源）',
  `del_tag` varchar(40) DEFAULT NULL COMMENT '删除标识',
  PRIMARY KEY (`config_id`)
) ENGINE=InnoDB DEFAULT CHARSET=utf8;

-- ----------------------------
-- Records of data_source_info
-- ----------------------------
INSERT INTO `data_source_info` VALUES ('39a0c4a3111c46c1a6367857385e9c47', 'oracle_hahabibu', '2', '1', '{\"configType\":\"Oracle\",\"username\":\"hahabibu\",\"password\":\"hahabibu\",\"driver\":\"oracle.jdbc.driver.OracleDriver\",\"url\":\"jdbc:oracle:thin:@localhost:1521:orcl\"}', '2019-04-01 08:59:44', '2019-04-02 22:11:25', '2', '0');
INSERT INTO `data_source_info` VALUES ('b5a177ff2d7f4bb6b1fa461526c14bdc', 'oracle_数据源测试_jupiter', '0b5b8e844c57423eba57704c229ea5d5', 'c6ac4ae7db204c3ba22a413d626b4d5f', '{\"configType\":\"Oracle\",\"username\":\"jupiter\",\"password\":\"000000\",\"driver\":\"oracle.jdbc.driver.OracleDriver\",\"url\":\"jdbc:oracle:thin:@localhost:1521:orcl\"}', '2019-04-09 03:36:37', '2019-04-09 03:36:59', '1', '0');
INSERT INTO `data_source_info` VALUES ('b8a12763b221431b9afe4fbb6f31e13a', 'oracle_jupiter', '2', '1', '{\"configType\":\"MySql\",\"username\":\"jupiter\",\"password\":\"000000\",\"driver\":\"oracle.jdbc.driver.OracleDriver\",\"url\":\"jdbc:oracle:thin:@localhost:1521:orcl\"}', '2019-04-01 11:31:36', '2019-04-02 22:13:13', '1', '0');
INSERT INTO `data_source_info` VALUES ('c1da81384895467791255bb0092a821f', '测试', '2', '1', '{\"configType\":\"MySql\",\"driver\":\"11\",\"password\":\"11\",\"url\":\"11\",\"username\":\"11\"}', '2019-04-01 13:05:36', '2019-04-01 13:05:36', '-1', '0');

-- ----------------------------
-- Table structure for department
-- ----------------------------
DROP TABLE IF EXISTS `department`;
CREATE TABLE `department` (
  `dept_id` varchar(40) NOT NULL COMMENT '部门id',
  `dept_name` varchar(100) DEFAULT NULL COMMENT '部门名称',
  `parent_id` varchar(40) DEFAULT NULL COMMENT '上级部门（父级id）',
  `dept_descr` text COMMENT '部门描述',
  `create_time` datetime DEFAULT NULL COMMENT '创建时间',
  `modify_time` datetime DEFAULT NULL COMMENT '修改时间',
  `del_tag` varchar(40) DEFAULT NULL COMMENT '删除标识（0.未删除 1.已删除）',
  `category_id` varchar(40) DEFAULT NULL COMMENT '所属机构（部门归属机构）',
  PRIMARY KEY (`dept_id`)
) ENGINE=InnoDB DEFAULT CHARSET=utf8;

-- ----------------------------
-- Records of department
-- ----------------------------
INSERT INTO `department` VALUES ('1e8a91661f944dbb95498b9ec7c7bbad', '15数字媒体1班', '3b87c930d99744e0a875c7bbc6e5b8cf', '', '2019-04-09 03:26:53', '2019-04-09 03:27:11', '0', 'c6ac4ae7db204c3ba22a413d626b4d5f');
INSERT INTO `department` VALUES ('35ff59bcea0844cfbece6eb369eb0172', '侧是是是', '-1', null, '2019-03-31 13:19:12', '2019-03-31 13:19:12', '0', '1');
INSERT INTO `department` VALUES ('3b87c930d99744e0a875c7bbc6e5b8cf', '信息学院', '-1', null, '2019-04-09 03:26:04', '2019-04-09 03:26:04', '0', 'c6ac4ae7db204c3ba22a413d626b4d5f');
INSERT INTO `department` VALUES ('5f774d1046ca4cd8953bef964aa1fd80', '报表开发项目组', '-1', '报表开发项目组', '2019-03-31 00:07:30', '2019-03-31 13:41:29', '0', '1');
INSERT INTO `department` VALUES ('859a7076f2ab441abc8104d4f28819b8', '测试1', 'd1ce6ef325654f4da39dcbedeaf2ba7b', null, '2019-03-31 13:21:31', '2019-03-31 13:21:31', '0', '1');
INSERT INTO `department` VALUES ('8be887eb7e3e4cbdb1aaf3f76fe5081c', '15计科2班', '3b87c930d99744e0a875c7bbc6e5b8cf', null, '2019-04-09 03:26:21', '2019-04-09 03:26:21', '0', 'c6ac4ae7db204c3ba22a413d626b4d5f');
INSERT INTO `department` VALUES ('bb4d4110b078412697e6c4e8bb31a8e3', '报表项目1组', '5f774d1046ca4cd8953bef964aa1fd80', '报表项目1组测试', '2019-03-31 10:57:20', '2019-03-31 23:11:42', '0', '1');
INSERT INTO `department` VALUES ('c796015dae084805ac7070a22b2ae492', '测试11', '859a7076f2ab441abc8104d4f28819b8', null, '2019-03-31 13:21:42', '2019-03-31 13:21:42', '0', '1');
INSERT INTO `department` VALUES ('d1ce6ef325654f4da39dcbedeaf2ba7b', '测试', '-1', null, '2019-03-31 13:17:57', '2019-03-31 13:17:57', '0', '1');

-- ----------------------------
-- Table structure for message_info
-- ----------------------------
DROP TABLE IF EXISTS `message_info`;
CREATE TABLE `message_info` (
  `message_id` varchar(40) NOT NULL COMMENT '消息记录id',
  `sender` varchar(40) DEFAULT NULL COMMENT '消息发送对象',
  `receiver` varchar(40) DEFAULT NULL COMMENT '消息接受对象',
  `message_title` varchar(100) DEFAULT NULL COMMENT '消息标题',
  `message_type` varchar(100) DEFAULT NULL COMMENT '消息类型',
  `message_content` text COMMENT '消息内容',
  `create_time` date DEFAULT NULL COMMENT '创建时间',
  `modify_time` date DEFAULT NULL COMMENT '修改时间',
  `handle_status` varchar(40) DEFAULT NULL COMMENT '消息处理状态（0.未处理   1.已处理）',
  `del_tag` varchar(40) DEFAULT NULL COMMENT '删除标识（0.未删除   1.已删除）',
  PRIMARY KEY (`message_id`)
) ENGINE=InnoDB DEFAULT CHARSET=utf8;

-- ----------------------------
-- Records of message_info
-- ----------------------------

-- ----------------------------
-- Table structure for organization_category
-- ----------------------------
DROP TABLE IF EXISTS `organization_category`;
CREATE TABLE `organization_category` (
  `category_id` varchar(40) NOT NULL COMMENT '机构分类id',
  `category_code` varchar(100) DEFAULT NULL COMMENT '机构分类编码（唯一标识）',
  `category_name` varchar(100) DEFAULT NULL COMMENT '机构分类名称',
  `category_descr` text COMMENT '机构分类描述',
  `disable_status` varchar(40) DEFAULT NULL COMMENT '机构状态（0.启用 1.禁用）',
  `create_time` date DEFAULT NULL COMMENT '创建时间',
  `modify_time` date DEFAULT NULL COMMENT '修改时间',
  `del_tag` varchar(40) DEFAULT NULL COMMENT '删除标识（0.保存状态 1.删除状态）',
  PRIMARY KEY (`category_id`)
) ENGINE=InnoDB DEFAULT CHARSET=utf8;

-- ----------------------------
-- Records of organization_category
-- ----------------------------
INSERT INTO `organization_category` VALUES ('1', 'dada', '哒哒报表服务平台', '平台测试机构', '0', '2019-03-03', '2019-03-03', '0');
INSERT INTO `organization_category` VALUES ('164740f87c534d51b48b9ff3110e3ea8', 'new_category1', '职场小白', '职场小白', '1', '2019-04-09', '2019-04-09', '0');
INSERT INTO `organization_category` VALUES ('3', 'public', '公共机构', '公共机构', '0', '2019-02-14', '2019-02-14', '0');
INSERT INTO `organization_category` VALUES ('46eb5c9b35674b8bad450b4aa459b48d', 'new_zstu', '浙江理工大学测试', '新浙江理工大学', '1', '2019-04-09', '2019-04-09', '0');
INSERT INTO `organization_category` VALUES ('c6ac4ae7db204c3ba22a413d626b4d5f', 'zstu', '浙江理工大学', '浙江理工大学测试', '0', '2019-04-07', '2019-04-07', '0');
INSERT INTO `organization_category` VALUES ('ff5a7495815b4f008c2d885195472db7', 'new_category', '职场小白', '职场小白', '0', '2019-04-02', '2019-04-02', '0');

-- ----------------------------
-- Table structure for report_classify
-- ----------------------------
DROP TABLE IF EXISTS `report_classify`;
CREATE TABLE `report_classify` (
  `classify_id` varchar(40) NOT NULL COMMENT '报表分类id',
  `classify_name` varchar(100) DEFAULT NULL COMMENT '报表分类名称',
  `parent_id` varchar(40) DEFAULT NULL COMMENT '上级分类id（父级id）',
  `classify_descr` text COMMENT '报表分类描述',
  `create_time` datetime DEFAULT NULL COMMENT '创建时间',
  `modify_time` datetime DEFAULT NULL COMMENT '修改时间',
  `del_tag` varchar(40) DEFAULT NULL COMMENT '删除标识（0.未删除 1.已删除）',
  `user_id` varchar(40) DEFAULT NULL COMMENT '最近修改人',
  `category_id` varchar(40) DEFAULT NULL COMMENT '所属机构id（报表分类归属机构）',
  `dept_id` varchar(40) DEFAULT NULL COMMENT '报表分类所属部门id',
  PRIMARY KEY (`classify_id`)
) ENGINE=InnoDB DEFAULT CHARSET=utf8;

-- ----------------------------
-- Records of report_classify
-- ----------------------------
INSERT INTO `report_classify` VALUES ('12432d1c0139404fbabaa7e141a38e06', '父级分类', '-1', null, '2019-04-07 10:11:09', '2019-04-07 10:11:09', '0', null, '1', 'bb4d4110b078412697e6c4e8bb31a8e3');
INSERT INTO `report_classify` VALUES ('4ef434b1f7634030b4255c43d33e21b3', '父级分类', '-1', null, '2019-04-30 01:22:35', '2019-04-30 01:22:35', '0', 'aa5ae64d23154d73a3cb65efa073c5b1', 'c6ac4ae7db204c3ba22a413d626b4d5f', '');
INSERT INTO `report_classify` VALUES ('5d99a8f189574feeadae344880c1f777', '父级分类', '-1', null, '2019-04-09 03:46:54', '2019-04-09 03:46:54', '0', '0b5b8e844c57423eba57704c229ea5d5', 'c6ac4ae7db204c3ba22a413d626b4d5f', '1e8a91661f944dbb95498b9ec7c7bbad');
INSERT INTO `report_classify` VALUES ('67b0ddcd1a064947855794c0b9799680', '子级分类1', '5d99a8f189574feeadae344880c1f777', null, '2019-04-09 03:47:07', '2019-04-09 03:47:07', '0', '0b5b8e844c57423eba57704c229ea5d5', 'c6ac4ae7db204c3ba22a413d626b4d5f', '1e8a91661f944dbb95498b9ec7c7bbad');
INSERT INTO `report_classify` VALUES ('c3f7dd1ef502422fbf63710ea11f5fa5', '子级分类', '12432d1c0139404fbabaa7e141a38e06', null, '2019-04-07 10:11:24', '2019-04-07 10:11:24', '0', null, '1', 'bb4d4110b078412697e6c4e8bb31a8e3');

-- ----------------------------
-- Table structure for report_classify_link
-- ----------------------------
DROP TABLE IF EXISTS `report_classify_link`;
CREATE TABLE `report_classify_link` (
  `link_id` varchar(40) NOT NULL COMMENT '报表关联id',
  `classify_id` varchar(100) DEFAULT NULL COMMENT '报表分类id',
  `report_id` varchar(40) DEFAULT NULL COMMENT '报表id',
  `hide_status` varchar(40) DEFAULT NULL COMMENT '报表隐藏状态(0.上报 1.隐藏)',
  `user_id` varchar(40) DEFAULT NULL COMMENT '最近修改人',
  `category_id` varchar(40) DEFAULT NULL COMMENT '所属机构id（报表关联归属机构）',
  `dept_id` varchar(40) DEFAULT NULL COMMENT '报表关联所属部门id',
  PRIMARY KEY (`link_id`)
) ENGINE=InnoDB DEFAULT CHARSET=utf8;

-- ----------------------------
-- Records of report_classify_link
-- ----------------------------
INSERT INTO `report_classify_link` VALUES ('07571300e0104ca79e0ff59247956528', '12432d1c0139404fbabaa7e141a38e06', 'ed93f3d1af9c4f5a9ac382f9e5767d8d', '0', '2', '1', 'bb4d4110b078412697e6c4e8bb31a8e3');
INSERT INTO `report_classify_link` VALUES ('2e6e7938d10b43e38aac28c4255915e9', '67b0ddcd1a064947855794c0b9799680', '392152e98fe445e29e1c01b20e787684', '0', '0b5b8e844c57423eba57704c229ea5d5', 'c6ac4ae7db204c3ba22a413d626b4d5f', '1e8a91661f944dbb95498b9ec7c7bbad');
INSERT INTO `report_classify_link` VALUES ('88b15772bb624e069f4016e90c1f6d99', 'c3f7dd1ef502422fbf63710ea11f5fa5', '325a002d706949259d55e4a77375a900', '1', '2', '1', 'bb4d4110b078412697e6c4e8bb31a8e3');
INSERT INTO `report_classify_link` VALUES ('f9434ddc4ffc4ef29b0a3d2445852726', 'c3f7dd1ef502422fbf63710ea11f5fa5', 'e1e8e116c19f4337ad3bb372b5ee6674', '0', null, '1', 'bb4d4110b078412697e6c4e8bb31a8e3');

-- ----------------------------
-- Table structure for role_authority_info
-- ----------------------------
DROP TABLE IF EXISTS `role_authority_info`;
CREATE TABLE `role_authority_info` (
  `role_authority_id` varchar(40) NOT NULL COMMENT '角色权限id',
  `authority_id` varchar(40) DEFAULT NULL COMMENT '权限id',
  `role_id` varchar(40) DEFAULT NULL COMMENT '角色id',
  `category_id` varchar(40) DEFAULT NULL COMMENT '所属机构id',
  PRIMARY KEY (`role_authority_id`)
) ENGINE=InnoDB DEFAULT CHARSET=utf8;

-- ----------------------------
-- Records of role_authority_info
-- ----------------------------
INSERT INTO `role_authority_info` VALUES ('086b48c4e5b84fa0884fed79c99b66a5', '231c760bb83648f8ad863a7b58788a62', 'bbeb4fbe5e3c435f9c35f5d162448f85', 'c6ac4ae7db204c3ba22a413d626b4d5f');
INSERT INTO `role_authority_info` VALUES ('13fe706015c540f589378aa5dd00449b', 'd433daf47a4d4866b75f9ec7f9499eb5', '37347173e67642788a02bef7fd01d8af', 'c6ac4ae7db204c3ba22a413d626b4d5f');
INSERT INTO `role_authority_info` VALUES ('18dc00aa1a5946a1bbc873fbb1c0ea8e', 'c0f7e47d53f64019b7c68d686a15b240', '9320f69a98e34ac4b481a8a1340248c7', 'c6ac4ae7db204c3ba22a413d626b4d5f');
INSERT INTO `role_authority_info` VALUES ('1ede538cc04e4e05b745c621db8d07da', '231c760bb83648f8ad863a7b58788a62', '1', '1');
INSERT INTO `role_authority_info` VALUES ('1f51bcecf9f844bfaf4efaba93b325b8', 'bebc4386702a40c68a91371a409b3154', '37347173e67642788a02bef7fd01d8af', 'c6ac4ae7db204c3ba22a413d626b4d5f');
INSERT INTO `role_authority_info` VALUES ('384e97d410974fb48ac518ad8f9f6d98', '2b9901d0cbaa45c782faf4397e6af942', '9320f69a98e34ac4b481a8a1340248c7', 'c6ac4ae7db204c3ba22a413d626b4d5f');
INSERT INTO `role_authority_info` VALUES ('3b5d988ad7e64820ab95d02b288e88e5', '54b689b8af3e4a6495f0c8ff01bbb3b3', '1', '1');
INSERT INTO `role_authority_info` VALUES ('3d272e09d02c4605b65a2b5edf854d45', '54b689b8af3e4a6495f0c8ff01bbb3b3', '9320f69a98e34ac4b481a8a1340248c7', 'c6ac4ae7db204c3ba22a413d626b4d5f');
INSERT INTO `role_authority_info` VALUES ('42403865a2f340afa3ee451c64b192eb', 'd4ca0f4b3ba24b6898e6998d42a19637', '9320f69a98e34ac4b481a8a1340248c7', 'c6ac4ae7db204c3ba22a413d626b4d5f');
INSERT INTO `role_authority_info` VALUES ('48f18c8a227c46258581dfc750392dc9', '4d934c8baafc4cc680e73958330eec1e', '9320f69a98e34ac4b481a8a1340248c7', 'c6ac4ae7db204c3ba22a413d626b4d5f');
INSERT INTO `role_authority_info` VALUES ('4ea4f329219f4d06922110828cec1732', '231c760bb83648f8ad863a7b58788a62', '9320f69a98e34ac4b481a8a1340248c7', 'c6ac4ae7db204c3ba22a413d626b4d5f');
INSERT INTO `role_authority_info` VALUES ('691121bb98c343bea0fa0b5b25b78d46', '4410c5572a874b648acc5102c62b880d', '9320f69a98e34ac4b481a8a1340248c7', 'c6ac4ae7db204c3ba22a413d626b4d5f');
INSERT INTO `role_authority_info` VALUES ('6a4e9203bb5845cd98337a2931be5c53', 'e95f0bc7e0594136a6ae28a84822c991', '9320f69a98e34ac4b481a8a1340248c7', 'c6ac4ae7db204c3ba22a413d626b4d5f');
INSERT INTO `role_authority_info` VALUES ('6e4760a7f54e47e7aff6269d0ed601c4', '2fb215a0e5a54968b04c7009da88bc20', '1', '1');
INSERT INTO `role_authority_info` VALUES ('748e3e4c1c8345788e0cb7b72bd8f24c', '54b689b8af3e4a6495f0c8ff01bbb3b3', '37347173e67642788a02bef7fd01d8af', 'c6ac4ae7db204c3ba22a413d626b4d5f');
INSERT INTO `role_authority_info` VALUES ('765d66d64a214ab78f2322cb1c6d7e55', '4d934c8baafc4cc680e73958330eec1e', '37347173e67642788a02bef7fd01d8af', 'c6ac4ae7db204c3ba22a413d626b4d5f');
INSERT INTO `role_authority_info` VALUES ('787cb3229bae49d8a25f9613ae35697d', '4410c5572a874b648acc5102c62b880d', '1', '1');
INSERT INTO `role_authority_info` VALUES ('7db727e312ed486c85acb907cbe8c6d4', '76714ddccc8e4a70917a15f8c485ec28', '37347173e67642788a02bef7fd01d8af', 'c6ac4ae7db204c3ba22a413d626b4d5f');
INSERT INTO `role_authority_info` VALUES ('8070b34593ec4dbeaf6b36c70a92eed1', '2b9901d0cbaa45c782faf4397e6af942', '1', '1');
INSERT INTO `role_authority_info` VALUES ('896c753f4e3545c6918ceeecd9ea41ba', '4410c5572a874b648acc5102c62b880d', '37347173e67642788a02bef7fd01d8af', 'c6ac4ae7db204c3ba22a413d626b4d5f');
INSERT INTO `role_authority_info` VALUES ('92fd9e34dae940e8a48673ab1f366214', 'e95f0bc7e0594136a6ae28a84822c991', '1', '1');
INSERT INTO `role_authority_info` VALUES ('9b27b79bc05d41b88e8c9c9483f7d132', '2fb215a0e5a54968b04c7009da88bc20', '9320f69a98e34ac4b481a8a1340248c7', 'c6ac4ae7db204c3ba22a413d626b4d5f');
INSERT INTO `role_authority_info` VALUES ('acea967578e446f3ba79407fbda0a53a', '73188233901342f3a58e891455fb0468', '9320f69a98e34ac4b481a8a1340248c7', 'c6ac4ae7db204c3ba22a413d626b4d5f');
INSERT INTO `role_authority_info` VALUES ('b256e6f0d5e74b8ba69c6f057bc83528', '2fb215a0e5a54968b04c7009da88bc20', '37347173e67642788a02bef7fd01d8af', 'c6ac4ae7db204c3ba22a413d626b4d5f');
INSERT INTO `role_authority_info` VALUES ('b4806f9966494fce8167a87bf57b2b08', 'e95f0bc7e0594136a6ae28a84822c991', '37347173e67642788a02bef7fd01d8af', 'c6ac4ae7db204c3ba22a413d626b4d5f');
INSERT INTO `role_authority_info` VALUES ('b7e475e816d547c88d34bafd2ba920ff', 'bebc4386702a40c68a91371a409b3154', '1', '1');
INSERT INTO `role_authority_info` VALUES ('b83feb48ca36429396f6868aa5a557fc', 'a32aca30196741138e64747c458781ef', '37347173e67642788a02bef7fd01d8af', 'c6ac4ae7db204c3ba22a413d626b4d5f');
INSERT INTO `role_authority_info` VALUES ('c99c8f934f4c416781b6f14eb7af9549', '231c760bb83648f8ad863a7b58788a62', '37347173e67642788a02bef7fd01d8af', 'c6ac4ae7db204c3ba22a413d626b4d5f');
INSERT INTO `role_authority_info` VALUES ('dede9ee44ec747088dcd9a619970c068', 'd4ca0f4b3ba24b6898e6998d42a19637', '37347173e67642788a02bef7fd01d8af', 'c6ac4ae7db204c3ba22a413d626b4d5f');
INSERT INTO `role_authority_info` VALUES ('e32daa4eb0614ce89769c824df8d1fb8', 'd433daf47a4d4866b75f9ec7f9499eb5', '9320f69a98e34ac4b481a8a1340248c7', 'c6ac4ae7db204c3ba22a413d626b4d5f');
INSERT INTO `role_authority_info` VALUES ('ed4f2500174447ee930372b47a71ca98', 'c0f7e47d53f64019b7c68d686a15b240', '37347173e67642788a02bef7fd01d8af', 'c6ac4ae7db204c3ba22a413d626b4d5f');
INSERT INTO `role_authority_info` VALUES ('ed87034eb0c4430a9badafad22f79724', 'bebc4386702a40c68a91371a409b3154', '9320f69a98e34ac4b481a8a1340248c7', 'c6ac4ae7db204c3ba22a413d626b4d5f');
INSERT INTO `role_authority_info` VALUES ('eeadd2c18a854794ab9bad5ca97d6544', 'd433daf47a4d4866b75f9ec7f9499eb5', '1', '1');
INSERT INTO `role_authority_info` VALUES ('f3b814fe4fb04d918e89ff983912a316', '2b9901d0cbaa45c782faf4397e6af942', '37347173e67642788a02bef7fd01d8af', 'c6ac4ae7db204c3ba22a413d626b4d5f');
INSERT INTO `role_authority_info` VALUES ('f790819334474b819e7a9fb20979604c', '4d934c8baafc4cc680e73958330eec1e', '1', '1');

-- ----------------------------
-- Table structure for role_info
-- ----------------------------
DROP TABLE IF EXISTS `role_info`;
CREATE TABLE `role_info` (
  `role_id` varchar(40) NOT NULL COMMENT '角色id',
  `role_code` varchar(40) DEFAULT NULL COMMENT '角色编码',
  `role_name` varchar(100) DEFAULT NULL COMMENT '角色名称',
  `category_id` varchar(40) DEFAULT NULL COMMENT '角色所属机构id',
  `role_descr` text COMMENT '角色描述',
  `create_time` datetime DEFAULT NULL COMMENT '创建时间',
  `modify_time` datetime DEFAULT NULL COMMENT '修改时间',
  `del_flag` varchar(40) DEFAULT NULL COMMENT '删除标识（0.未删除 1.已删除）',
  PRIMARY KEY (`role_id`)
) ENGINE=InnoDB DEFAULT CHARSET=utf8;

-- ----------------------------
-- Records of role_info
-- ----------------------------
INSERT INTO `role_info` VALUES ('002ff6a0eeb941948a225ae83f68f696', 'dadaddd-user', 'dddd-用户', '1e24f82e5cf3441dab3a7dd94ed90ae8', '默认机构用户角色,不可删除!', '2019-02-24 17:18:33', '2019-02-24 17:18:33', '-1');
INSERT INTO `role_info` VALUES ('1', 'admin', '管理员', '1', '平台管理员测试角色', '2019-02-16 16:08:17', '2019-02-16 16:08:19', '0');
INSERT INTO `role_info` VALUES ('2', 'normal', '普通用户', '1', '普通用户平台测试', '2019-02-16 16:09:15', '2019-02-16 16:09:20', '0');
INSERT INTO `role_info` VALUES ('35c34f86784e44c4b31f0a4e68446230', 'test', '5555', '1', '', '2019-03-02 17:39:14', '2019-03-02 17:39:14', '0');
INSERT INTO `role_info` VALUES ('37347173e67642788a02bef7fd01d8af', 'zstu_admin', '管理员', 'c6ac4ae7db204c3ba22a413d626b4d5f', '机构管理员', '2019-04-07 23:11:49', '2019-04-07 23:11:49', '0');
INSERT INTO `role_info` VALUES ('63e57ccb22b34f85bb3f6fa108bc1deb', 'dada-user', '端到端的-用户', '4086764e0d9a41aeafe7a9e057995a55', '默认机构用户角色,不可删除!', '2019-02-24 16:53:29', '2019-02-24 16:53:29', '-1');
INSERT INTO `role_info` VALUES ('66e921b1ad4b4ea4b09b6cdc49499ecd', '3444454', '学生', '1', '', '2019-02-25 02:18:07', '2019-02-25 02:18:07', '0');
INSERT INTO `role_info` VALUES ('7215d94e684343848f5c8ad8abf15ee5', 'dada-user', '2222-用户', '612e735040994981b876298468bf5657', '默认机构用户角色,不可删除!', '2019-02-24 17:03:07', '2019-02-24 17:03:07', '-1');
INSERT INTO `role_info` VALUES ('9320f69a98e34ac4b481a8a1340248c7', 'zstu-admin', '浙江理工大学-管理员', 'c6ac4ae7db204c3ba22a413d626b4d5f', '默认机构管理员角色,不可删除!', '2019-04-07 23:06:34', '2019-04-07 23:06:34', '-1');
INSERT INTO `role_info` VALUES ('a1b206bf47864a68b58ca25255a908d5', 'dada-admin', '2222-管理员', '612e735040994981b876298468bf5657', '默认机构管理员角色,不可删除!', '2019-02-24 17:03:07', '2019-02-24 17:03:07', '-1');
INSERT INTO `role_info` VALUES ('bbeb4fbe5e3c435f9c35f5d162448f85', 'zstu_user', '普通用户', 'c6ac4ae7db204c3ba22a413d626b4d5f', '普通用户', '2019-04-07 23:12:14', '2019-04-07 23:12:14', '0');
INSERT INTO `role_info` VALUES ('c05fde40a6944f52bbad204ee1d83df4', 'dada-admin', '端到端的-管理员', '4086764e0d9a41aeafe7a9e057995a55', '默认机构管理员角色,不可删除!', '2019-02-24 16:53:29', '2019-02-24 16:53:29', '-1');
INSERT INTO `role_info` VALUES ('d9e9eaa21b4949c7846f7ac11ba0132e', 'dadaddd-admin', 'dddd-管理员', '1e24f82e5cf3441dab3a7dd94ed90ae8', '默认机构管理员角色,不可删除!', '2019-02-24 17:18:33', '2019-02-24 17:18:33', '-1');

-- ----------------------------
-- Table structure for ureport_backup
-- ----------------------------
DROP TABLE IF EXISTS `ureport_backup`;
CREATE TABLE `ureport_backup` (
  `file_id` varchar(40) NOT NULL COMMENT '文件id',
  `file_name` varchar(100) DEFAULT NULL COMMENT '文件名称',
  `file_content` mediumblob COMMENT '文件内容',
  `category_id` varchar(40) DEFAULT NULL COMMENT '报表所属机构',
  `dept_id` varchar(40) DEFAULT NULL COMMENT '所属部门id',
  `file_descr` varchar(5000) DEFAULT NULL COMMENT '报表描述(说明)',
  `create_time` datetime DEFAULT NULL COMMENT '创建时间',
  `modify_time` datetime DEFAULT NULL COMMENT '修改时间',
  `public_state` varchar(40) DEFAULT NULL COMMENT '报表公有状态-可编辑(0.私有 1.公有)',
  `visible_state` varchar(40) DEFAULT NULL COMMENT '报表对外可见状态(0.不可见 1.可见)',
  PRIMARY KEY (`file_id`)
) ENGINE=InnoDB DEFAULT CHARSET=utf8;

-- ----------------------------
-- Records of ureport_backup
-- ----------------------------
INSERT INTO `ureport_backup` VALUES ('0d50de2ddef347308346978855ce67c5', '测试.ureport.xml', 0x3C3F786D6C2076657273696F6E3D22312E302220656E636F64696E673D225554462D38223F3E3C757265706F72743E3C63656C6C20657870616E643D224E6F6E6522206E616D653D2241312220726F773D22312220636F6C3D2231223E3C63656C6C2D7374796C6520666F6E742D73697A653D2231302220616C69676E3D2263656E746572222076616C69676E3D226D6964646C65223E3C2F63656C6C2D7374796C653E3C73696D706C652D76616C75653E3C215B43444154415BE6B58BE8AF955D5D3E3C2F73696D706C652D76616C75653E3C2F63656C6C3E3C63656C6C20657870616E643D224E6F6E6522206E616D653D2242312220726F773D22312220636F6C3D2232223E3C63656C6C2D7374796C6520666F6E742D73697A653D2231302220616C69676E3D2263656E746572222076616C69676E3D226D6964646C65223E3C2F63656C6C2D7374796C653E3C73696D706C652D76616C75653E3C215B43444154415BE6B58BE8AF955D5D3E3C2F73696D706C652D76616C75653E3C2F63656C6C3E3C63656C6C20657870616E643D224E6F6E6522206E616D653D2243312220726F773D22312220636F6C3D2233223E3C63656C6C2D7374796C6520666F6E742D73697A653D2231302220616C69676E3D2263656E746572222076616C69676E3D226D6964646C65223E3C2F63656C6C2D7374796C653E3C73696D706C652D76616C75653E3C215B43444154415BE6B58BE8AF955D5D3E3C2F73696D706C652D76616C75653E3C2F63656C6C3E3C63656C6C20657870616E643D224E6F6E6522206E616D653D2244312220726F773D22312220636F6C3D2234223E3C63656C6C2D7374796C6520666F6E742D73697A653D2231302220616C69676E3D2263656E746572222076616C69676E3D226D6964646C65223E3C2F63656C6C2D7374796C653E3C73696D706C652D76616C75653E3C215B43444154415B5D5D3E3C2F73696D706C652D76616C75653E3C2F63656C6C3E3C63656C6C20657870616E643D224E6F6E6522206E616D653D2241322220726F773D22322220636F6C3D2231223E3C63656C6C2D7374796C6520666F6E742D73697A653D2231302220616C69676E3D2263656E746572222076616C69676E3D226D6964646C65223E3C2F63656C6C2D7374796C653E3C73696D706C652D76616C75653E3C215B43444154415B5D5D3E3C2F73696D706C652D76616C75653E3C2F63656C6C3E3C63656C6C20657870616E643D224E6F6E6522206E616D653D2242322220726F773D22322220636F6C3D2232223E3C63656C6C2D7374796C6520666F6E742D73697A653D2231302220616C69676E3D2263656E746572222076616C69676E3D226D6964646C65223E3C2F63656C6C2D7374796C653E3C73696D706C652D76616C75653E3C215B43444154415B5D5D3E3C2F73696D706C652D76616C75653E3C2F63656C6C3E3C63656C6C20657870616E643D224E6F6E6522206E616D653D2243322220726F773D22322220636F6C3D2233223E3C63656C6C2D7374796C6520666F6E742D73697A653D2231302220616C69676E3D2263656E746572222076616C69676E3D226D6964646C65223E3C2F63656C6C2D7374796C653E3C73696D706C652D76616C75653E3C215B43444154415B5D5D3E3C2F73696D706C652D76616C75653E3C2F63656C6C3E3C63656C6C20657870616E643D224E6F6E6522206E616D653D2244322220726F773D22322220636F6C3D2234223E3C63656C6C2D7374796C6520666F6E742D73697A653D2231302220616C69676E3D2263656E746572222076616C69676E3D226D6964646C65223E3C2F63656C6C2D7374796C653E3C73696D706C652D76616C75653E3C215B43444154415B5D5D3E3C2F73696D706C652D76616C75653E3C2F63656C6C3E3C63656C6C20657870616E643D224E6F6E6522206E616D653D2241332220726F773D22332220636F6C3D2231223E3C63656C6C2D7374796C6520666F6E742D73697A653D2231302220616C69676E3D2263656E746572222076616C69676E3D226D6964646C65223E3C2F63656C6C2D7374796C653E3C73696D706C652D76616C75653E3C215B43444154415B5D5D3E3C2F73696D706C652D76616C75653E3C2F63656C6C3E3C63656C6C20657870616E643D224E6F6E6522206E616D653D2242332220726F773D22332220636F6C3D2232223E3C63656C6C2D7374796C6520666F6E742D73697A653D2231302220616C69676E3D2263656E746572222076616C69676E3D226D6964646C65223E3C2F63656C6C2D7374796C653E3C73696D706C652D76616C75653E3C215B43444154415B5D5D3E3C2F73696D706C652D76616C75653E3C2F63656C6C3E3C63656C6C20657870616E643D224E6F6E6522206E616D653D2243332220726F773D22332220636F6C3D2233223E3C63656C6C2D7374796C6520666F6E742D73697A653D2231302220616C69676E3D2263656E746572222076616C69676E3D226D6964646C65223E3C2F63656C6C2D7374796C653E3C73696D706C652D76616C75653E3C215B43444154415B5D5D3E3C2F73696D706C652D76616C75653E3C2F63656C6C3E3C63656C6C20657870616E643D224E6F6E6522206E616D653D2244332220726F773D22332220636F6C3D2234223E3C63656C6C2D7374796C6520666F6E742D73697A653D2231302220616C69676E3D2263656E746572222076616C69676E3D226D6964646C65223E3C2F63656C6C2D7374796C653E3C73696D706C652D76616C75653E3C215B43444154415B5D5D3E3C2F73696D706C652D76616C75653E3C2F63656C6C3E3C726F7720726F772D6E756D6265723D223122206865696768743D223138222F3E3C726F7720726F772D6E756D6265723D223222206865696768743D223138222F3E3C726F7720726F772D6E756D6265723D223322206865696768743D223138222F3E3C636F6C756D6E20636F6C2D6E756D6265723D2231222077696474683D223830222F3E3C636F6C756D6E20636F6C2D6E756D6265723D2232222077696474683D223830222F3E3C636F6C756D6E20636F6C2D6E756D6265723D2233222077696474683D223830222F3E3C636F6C756D6E20636F6C2D6E756D6265723D2234222077696474683D223830222F3E3C706170657220747970653D22413422206C6566742D6D617267696E3D223930222072696768742D6D617267696E3D223930220A20202020746F702D6D617267696E3D2237322220626F74746F6D2D6D617267696E3D2237322220706167696E672D6D6F64653D22666974706167652220666978726F77733D2230220A2020202077696474683D2235393522206865696768743D2238343222206F7269656E746174696F6E3D22706F727472616974222068746D6C2D7265706F72742D616C69676E3D226C656674222062672D696D6167653D22222068746D6C2D696E74657276616C2D726566726573682D76616C75653D22302220636F6C756D6E2D656E61626C65643D2266616C7365223E3C2F70617065723E3C2F757265706F72743E, null, null, '当前报表尚未有详细介绍', '2019-03-07 14:16:12', '2019-03-07 14:22:16', '0', '0');
INSERT INTO `ureport_backup` VALUES ('6648814237ad43579402da0dac13c745', '员工学历统计.ureport.xml', 0x3C3F786D6C2076657273696F6E3D22312E302220656E636F64696E673D225554462D38223F3E3C757265706F72743E3C63656C6C20657870616E643D22446F776E22206E616D653D2241312220726F773D22312220636F6C3D22312220726F772D7370616E3D2232223E3C63656C6C2D7374796C6520666F6E742D73697A653D2231302220616C69676E3D2263656E746572222076616C69676E3D226D6964646C65223E3C6C6566742D626F726465722077696474683D223122207374796C653D22736F6C69642220636F6C6F723D22302C302C30222F3E3C72696768742D626F726465722077696474683D223122207374796C653D22736F6C69642220636F6C6F723D22302C302C30222F3E3C746F702D626F726465722077696474683D223122207374796C653D22736F6C69642220636F6C6F723D22302C302C30222F3E3C626F74746F6D2D626F726465722077696474683D223122207374796C653D22736F6C69642220636F6C6F723D22302C302C30222F3E3C2F63656C6C2D7374796C653E3C646174617365742D76616C756520646174617365742D6E616D653D22E59198E5B7A5E4BFA1E681AFE7BB9FE8AEA122206167677265676174653D2267726F7570222070726F70657274793D22646570745F6E616D6522206F726465723D226E6F6E6522206D617070696E672D747970653D2273696D706C65223E3C2F646174617365742D76616C75653E3C2F63656C6C3E3C63656C6C20657870616E643D22446F776E22206E616D653D2242312220726F773D22312220636F6C3D2232223E3C63656C6C2D7374796C6520666F6E742D73697A653D2231302220616C69676E3D2263656E746572222076616C69676E3D226D6964646C65223E3C6C6566742D626F726465722077696474683D223122207374796C653D22736F6C69642220636F6C6F723D22302C302C30222F3E3C72696768742D626F726465722077696474683D223122207374796C653D22736F6C69642220636F6C6F723D22302C302C30222F3E3C746F702D626F726465722077696474683D223122207374796C653D22736F6C69642220636F6C6F723D22302C302C30222F3E3C626F74746F6D2D626F726465722077696474683D223122207374796C653D22736F6C69642220636F6C6F723D22302C302C30222F3E3C2F63656C6C2D7374796C653E3C646174617365742D76616C756520646174617365742D6E616D653D22E59198E5B7A5E4BFA1E681AFE7BB9FE8AEA122206167677265676174653D2267726F7570222070726F70657274793D2264656772656522206F726465723D226E6F6E6522206D617070696E672D747970653D2273696D706C65223E3C2F646174617365742D76616C75653E3C2F63656C6C3E3C63656C6C20657870616E643D22446F776E22206E616D653D2243312220726F773D22312220636F6C3D2233223E3C63656C6C2D7374796C6520666F6E742D73697A653D2231302220616C69676E3D2263656E746572222076616C69676E3D226D6964646C65223E3C6C6566742D626F726465722077696474683D223122207374796C653D22736F6C69642220636F6C6F723D22302C302C30222F3E3C72696768742D626F726465722077696474683D223122207374796C653D22736F6C69642220636F6C6F723D22302C302C30222F3E3C746F702D626F726465722077696474683D223122207374796C653D22736F6C69642220636F6C6F723D22302C302C30222F3E3C626F74746F6D2D626F726465722077696474683D223122207374796C653D22736F6C69642220636F6C6F723D22302C302C30222F3E3C2F63656C6C2D7374796C653E3C646174617365742D76616C756520646174617365742D6E616D653D22E59198E5B7A5E4BFA1E681AFE7BB9FE8AEA122206167677265676174653D2267726F7570222070726F70657274793D22656D706C6F7965655F6E616D6522206F726465723D226E6F6E6522206D617070696E672D747970653D2273696D706C65223E3C2F646174617365742D76616C75653E3C2F63656C6C3E3C63656C6C20657870616E643D22446F776E22206E616D653D2244312220726F773D22312220636F6C3D2234223E3C63656C6C2D7374796C6520666F6E742D73697A653D2231302220616C69676E3D2263656E746572222076616C69676E3D226D6964646C65223E3C6C6566742D626F726465722077696474683D223122207374796C653D22736F6C69642220636F6C6F723D22302C302C30222F3E3C72696768742D626F726465722077696474683D223122207374796C653D22736F6C69642220636F6C6F723D22302C302C30222F3E3C746F702D626F726465722077696474683D223122207374796C653D22736F6C69642220636F6C6F723D22302C302C30222F3E3C626F74746F6D2D626F726465722077696474683D223122207374796C653D22736F6C69642220636F6C6F723D22302C302C30222F3E3C2F63656C6C2D7374796C653E3C646174617365742D76616C756520646174617365742D6E616D653D22E59198E5B7A5E4BFA1E681AFE7BB9FE8AEA122206167677265676174653D2267726F7570222070726F70657274793D2273616C61727922206F726465723D226E6F6E6522206D617070696E672D747970653D2273696D706C65223E3C2F646174617365742D76616C75653E3C2F63656C6C3E3C63656C6C20657870616E643D224E6F6E6522206E616D653D2242322220726F773D22322220636F6C3D22322220746F702D63656C6C3D22726F6F742220636F6C2D7370616E3D2233223E3C63656C6C2D7374796C6520666F6E742D73697A653D22392220666F7265636F6C6F723D22302C302C302220666F6E742D66616D696C793D22E5AE8BE4BD9322206267636F6C6F723D223130322C3134352C37362220626F6C643D227472756522206974616C69633D2266616C73652220756E6465726C696E653D2266616C73652220616C69676E3D2263656E746572222076616C69676E3D226D6964646C65223E3C6C6566742D626F726465722077696474683D223122207374796C653D22736F6C69642220636F6C6F723D22302C302C30222F3E3C72696768742D626F726465722077696474683D223122207374796C653D22736F6C69642220636F6C6F723D22302C302C30222F3E3C746F702D626F726465722077696474683D223122207374796C653D22736F6C69642220636F6C6F723D22302C302C30222F3E3C626F74746F6D2D626F726465722077696474683D223122207374796C653D22736F6C69642220636F6C6F723D22302C302C30222F3E3C2F63656C6C2D7374796C653E3C65787072657373696F6E2D76616C75653E3C215B43444154415B73756D284431295D5D3E3C2F65787072657373696F6E2D76616C75653E3C2F63656C6C3E3C63656C6C20657870616E643D224E6F6E6522206E616D653D2241332220726F773D22332220636F6C3D2231223E3C63656C6C2D7374796C6520666F6E742D73697A653D22392220666F7265636F6C6F723D22302C302C302220666F6E742D66616D696C793D22E5AE8BE4BD932220616C69676E3D2263656E746572222076616C69676E3D226D6964646C65223E3C6C6566742D626F726465722077696474683D223122207374796C653D22736F6C69642220636F6C6F723D22302C302C30222F3E3C72696768742D626F726465722077696474683D223122207374796C653D22736F6C69642220636F6C6F723D22302C302C30222F3E3C746F702D626F726465722077696474683D223122207374796C653D22736F6C69642220636F6C6F723D22302C302C30222F3E3C626F74746F6D2D626F726465722077696474683D223122207374796C653D22736F6C69642220636F6C6F723D22302C302C30222F3E3C2F63656C6C2D7374796C653E3C73696D706C652D76616C75653E3C215B43444154415B5D5D3E3C2F73696D706C652D76616C75653E3C2F63656C6C3E3C63656C6C20657870616E643D224E6F6E6522206E616D653D2242332220726F773D22332220636F6C3D2232223E3C63656C6C2D7374796C6520666F6E742D73697A653D22392220666F7265636F6C6F723D22302C302C302220666F6E742D66616D696C793D22E5AE8BE4BD932220616C69676E3D2263656E746572222076616C69676E3D226D6964646C65223E3C6C6566742D626F726465722077696474683D223122207374796C653D22736F6C69642220636F6C6F723D22302C302C30222F3E3C72696768742D626F726465722077696474683D223122207374796C653D22736F6C69642220636F6C6F723D22302C302C30222F3E3C746F702D626F726465722077696474683D223122207374796C653D22736F6C69642220636F6C6F723D22302C302C30222F3E3C626F74746F6D2D626F726465722077696474683D223122207374796C653D22736F6C69642220636F6C6F723D22302C302C30222F3E3C2F63656C6C2D7374796C653E3C73696D706C652D76616C75653E3C215B43444154415B5D5D3E3C2F73696D706C652D76616C75653E3C2F63656C6C3E3C63656C6C20657870616E643D224E6F6E6522206E616D653D2243332220726F773D22332220636F6C3D2233223E3C63656C6C2D7374796C6520666F6E742D73697A653D22392220666F7265636F6C6F723D22302C302C302220666F6E742D66616D696C793D22E5AE8BE4BD932220616C69676E3D2263656E746572222076616C69676E3D226D6964646C65223E3C6C6566742D626F726465722077696474683D223122207374796C653D22736F6C69642220636F6C6F723D22302C302C30222F3E3C72696768742D626F726465722077696474683D223122207374796C653D22736F6C69642220636F6C6F723D22302C302C30222F3E3C746F702D626F726465722077696474683D223122207374796C653D22736F6C69642220636F6C6F723D22302C302C30222F3E3C626F74746F6D2D626F726465722077696474683D223122207374796C653D22736F6C69642220636F6C6F723D22302C302C30222F3E3C2F63656C6C2D7374796C653E3C73696D706C652D76616C75653E3C215B43444154415B5D5D3E3C2F73696D706C652D76616C75653E3C2F63656C6C3E3C63656C6C20657870616E643D224E6F6E6522206E616D653D2244332220726F773D22332220636F6C3D2234223E3C63656C6C2D7374796C6520666F6E742D73697A653D22392220666F7265636F6C6F723D22302C302C302220666F6E742D66616D696C793D22E5AE8BE4BD932220616C69676E3D2263656E746572222076616C69676E3D226D6964646C65223E3C6C6566742D626F726465722077696474683D223122207374796C653D22736F6C69642220636F6C6F723D22302C302C30222F3E3C72696768742D626F726465722077696474683D223122207374796C653D22736F6C69642220636F6C6F723D22302C302C30222F3E3C746F702D626F726465722077696474683D223122207374796C653D22736F6C69642220636F6C6F723D22302C302C30222F3E3C626F74746F6D2D626F726465722077696474683D223122207374796C653D22736F6C69642220636F6C6F723D22302C302C30222F3E3C2F63656C6C2D7374796C653E3C73696D706C652D76616C75653E3C215B43444154415B5D5D3E3C2F73696D706C652D76616C75653E3C2F63656C6C3E3C63656C6C20657870616E643D224E6F6E6522206E616D653D2241342220726F773D22342220636F6C3D2231223E3C63656C6C2D7374796C6520666F6E742D73697A653D22392220666F7265636F6C6F723D22302C302C302220666F6E742D66616D696C793D22E5AE8BE4BD932220616C69676E3D2263656E746572222076616C69676E3D226D6964646C65223E3C6C6566742D626F726465722077696474683D223122207374796C653D22736F6C69642220636F6C6F723D22302C302C30222F3E3C72696768742D626F726465722077696474683D223122207374796C653D22736F6C69642220636F6C6F723D22302C302C30222F3E3C746F702D626F726465722077696474683D223122207374796C653D22736F6C69642220636F6C6F723D22302C302C30222F3E3C626F74746F6D2D626F726465722077696474683D223122207374796C653D22736F6C69642220636F6C6F723D22302C302C30222F3E3C2F63656C6C2D7374796C653E3C73696D706C652D76616C75653E3C215B43444154415B5D5D3E3C2F73696D706C652D76616C75653E3C2F63656C6C3E3C63656C6C20657870616E643D224E6F6E6522206E616D653D2242342220726F773D22342220636F6C3D2232223E3C63656C6C2D7374796C6520666F6E742D73697A653D22392220666F7265636F6C6F723D22302C302C302220666F6E742D66616D696C793D22E5AE8BE4BD932220616C69676E3D2263656E746572222076616C69676E3D226D6964646C65223E3C6C6566742D626F726465722077696474683D223122207374796C653D22736F6C69642220636F6C6F723D22302C302C30222F3E3C72696768742D626F726465722077696474683D223122207374796C653D22736F6C69642220636F6C6F723D22302C302C30222F3E3C746F702D626F726465722077696474683D223122207374796C653D22736F6C69642220636F6C6F723D22302C302C30222F3E3C626F74746F6D2D626F726465722077696474683D223122207374796C653D22736F6C69642220636F6C6F723D22302C302C30222F3E3C2F63656C6C2D7374796C653E3C73696D706C652D76616C75653E3C215B43444154415B5D5D3E3C2F73696D706C652D76616C75653E3C2F63656C6C3E3C63656C6C20657870616E643D224E6F6E6522206E616D653D2243342220726F773D22342220636F6C3D2233223E3C63656C6C2D7374796C6520666F6E742D73697A653D22392220666F7265636F6C6F723D22302C302C302220666F6E742D66616D696C793D22E5AE8BE4BD932220616C69676E3D2263656E746572222076616C69676E3D226D6964646C65223E3C6C6566742D626F726465722077696474683D223122207374796C653D22736F6C69642220636F6C6F723D22302C302C30222F3E3C72696768742D626F726465722077696474683D223122207374796C653D22736F6C69642220636F6C6F723D22302C302C30222F3E3C746F702D626F726465722077696474683D223122207374796C653D22736F6C69642220636F6C6F723D22302C302C30222F3E3C626F74746F6D2D626F726465722077696474683D223122207374796C653D22736F6C69642220636F6C6F723D22302C302C30222F3E3C2F63656C6C2D7374796C653E3C73696D706C652D76616C75653E3C215B43444154415B5D5D3E3C2F73696D706C652D76616C75653E3C2F63656C6C3E3C63656C6C20657870616E643D224E6F6E6522206E616D653D2244342220726F773D22342220636F6C3D2234223E3C63656C6C2D7374796C6520666F6E742D73697A653D22392220666F7265636F6C6F723D22302C302C302220666F6E742D66616D696C793D22E5AE8BE4BD932220616C69676E3D2263656E746572222076616C69676E3D226D6964646C65223E3C6C6566742D626F726465722077696474683D223122207374796C653D22736F6C69642220636F6C6F723D22302C302C30222F3E3C72696768742D626F726465722077696474683D223122207374796C653D22736F6C69642220636F6C6F723D22302C302C30222F3E3C746F702D626F726465722077696474683D223122207374796C653D22736F6C69642220636F6C6F723D22302C302C30222F3E3C626F74746F6D2D626F726465722077696474683D223122207374796C653D22736F6C69642220636F6C6F723D22302C302C30222F3E3C2F63656C6C2D7374796C653E3C73696D706C652D76616C75653E3C215B43444154415B5D5D3E3C2F73696D706C652D76616C75653E3C2F63656C6C3E3C726F7720726F772D6E756D6265723D223122206865696768743D223138222F3E3C726F7720726F772D6E756D6265723D223222206865696768743D223139222F3E3C726F7720726F772D6E756D6265723D223322206865696768743D223139222F3E3C726F7720726F772D6E756D6265723D223422206865696768743D223139222F3E3C636F6C756D6E20636F6C2D6E756D6265723D2231222077696474683D22313138222F3E3C636F6C756D6E20636F6C2D6E756D6265723D2232222077696474683D22313034222F3E3C636F6C756D6E20636F6C2D6E756D6265723D2233222077696474683D223931222F3E3C636F6C756D6E20636F6C2D6E756D6265723D2234222077696474683D223830222F3E3C64617461736F75726365206E616D653D22E5B9B3E58FB0E6B58BE8AF95E58685E7BDAEE695B0E68DAEE6BA902220747970653D226275696C64696E223E3C64617461736574206E616D653D22E59198E5B7A5E4BFA1E681AFE7BB9FE8AEA12220747970653D2273716C223E3C73716C3E3C215B43444154415B73656C656374202A2066726F6D20656D706C6F7965655D5D3E3C2F73716C3E3C6669656C64206E616D653D22656D706C6F7965655F6964222F3E3C6669656C64206E616D653D22656D706C6F7965655F6E616D65222F3E3C6669656C64206E616D653D22646570745F6E616D65222F3E3C6669656C64206E616D653D226A6F625F6E616D65222F3E3C6669656C64206E616D653D22736578222F3E3C6669656C64206E616D653D226269727468646179222F3E3C6669656C64206E616D653D226D617272696564222F3E3C6669656C64206E616D653D2273616C617279222F3E3C6669656C64206E616D653D22646567726565222F3E3C6669656C64206E616D653D22656D61696C222F3E3C6669656C64206E616D653D2261646472657373222F3E3C2F646174617365743E3C2F64617461736F757263653E3C706170657220747970653D22413422206C6566742D6D617267696E3D223930222072696768742D6D617267696E3D223930220A20202020746F702D6D617267696E3D2237322220626F74746F6D2D6D617267696E3D2237322220706167696E672D6D6F64653D22666974706167652220666978726F77733D2230220A2020202077696474683D2235393522206865696768743D2238343222206F7269656E746174696F6E3D22706F727472616974222068746D6C2D7265706F72742D616C69676E3D226C656674222062672D696D6167653D22222068746D6C2D696E74657276616C2D726566726573682D76616C75653D22302220636F6C756D6E2D656E61626C65643D2266616C7365223E3C2F70617065723E3C2F757265706F72743E, null, null, '当前报表尚未有详细介绍', '2019-03-08 16:52:47', '2019-03-08 16:52:47', '0', '0');
INSERT INTO `ureport_backup` VALUES ('db55b729d31d430e9c1bbaed3ebeaae0', '员工统计.ureport.xml', 0x3C3F786D6C2076657273696F6E3D22312E302220656E636F64696E673D225554462D38223F3E3C757265706F72743E3C63656C6C20657870616E643D224E6F6E6522206E616D653D2241312220726F773D22312220636F6C3D2231223E3C63656C6C2D7374796C6520666F6E742D73697A653D2231302220666F7265636F6C6F723D22302C302C302220666F6E742D66616D696C793D22E6A5B7E4BD932220626F6C643D22747275652220616C69676E3D2263656E746572222076616C69676E3D226D6964646C65223E3C6C6566742D626F726465722077696474683D223122207374796C653D22736F6C69642220636F6C6F723D22302C302C30222F3E3C72696768742D626F726465722077696474683D223122207374796C653D22736F6C69642220636F6C6F723D22302C302C30222F3E3C746F702D626F726465722077696474683D223122207374796C653D22736F6C69642220636F6C6F723D22302C302C30222F3E3C626F74746F6D2D626F726465722077696474683D223122207374796C653D22736F6C69642220636F6C6F723D22302C302C30222F3E3C2F63656C6C2D7374796C653E3C73696D706C652D76616C75653E3C215B43444154415BE59198E5B7A5E7BC96E58FB75D5D3E3C2F73696D706C652D76616C75653E3C2F63656C6C3E3C63656C6C20657870616E643D224E6F6E6522206E616D653D2242312220726F773D22312220636F6C3D2232223E3C63656C6C2D7374796C6520666F6E742D73697A653D2231302220666F7265636F6C6F723D22302C302C302220666F6E742D66616D696C793D22E6A5B7E4BD932220626F6C643D22747275652220616C69676E3D2263656E746572222076616C69676E3D226D6964646C65223E3C6C6566742D626F726465722077696474683D223122207374796C653D22736F6C69642220636F6C6F723D22302C302C30222F3E3C72696768742D626F726465722077696474683D223122207374796C653D22736F6C69642220636F6C6F723D22302C302C30222F3E3C746F702D626F726465722077696474683D223122207374796C653D22736F6C69642220636F6C6F723D22302C302C30222F3E3C626F74746F6D2D626F726465722077696474683D223122207374796C653D22736F6C69642220636F6C6F723D22302C302C30222F3E3C2F63656C6C2D7374796C653E3C73696D706C652D76616C75653E3C215B43444154415BE59198E5B7A5E5908DE7A7B05D5D3E3C2F73696D706C652D76616C75653E3C2F63656C6C3E3C63656C6C20657870616E643D224E6F6E6522206E616D653D2243312220726F773D22312220636F6C3D2233223E3C63656C6C2D7374796C6520666F6E742D73697A653D2231302220666F7265636F6C6F723D22302C302C302220666F6E742D66616D696C793D22E6A5B7E4BD932220626F6C643D22747275652220616C69676E3D2263656E746572222076616C69676E3D226D6964646C65223E3C6C6566742D626F726465722077696474683D223122207374796C653D22736F6C69642220636F6C6F723D22302C302C30222F3E3C72696768742D626F726465722077696474683D223122207374796C653D22736F6C69642220636F6C6F723D22302C302C30222F3E3C746F702D626F726465722077696474683D223122207374796C653D22736F6C69642220636F6C6F723D22302C302C30222F3E3C626F74746F6D2D626F726465722077696474683D223122207374796C653D22736F6C69642220636F6C6F723D22302C302C30222F3E3C2F63656C6C2D7374796C653E3C73696D706C652D76616C75653E3C215B43444154415BE99B87E4BDA3E697A5E69C9F5D5D3E3C2F73696D706C652D76616C75653E3C2F63656C6C3E3C63656C6C20657870616E643D224E6F6E6522206E616D653D2244312220726F773D22312220636F6C3D2234223E3C63656C6C2D7374796C6520666F6E742D73697A653D2231302220666F7265636F6C6F723D22302C302C302220666F6E742D66616D696C793D22E6A5B7E4BD932220626F6C643D22747275652220616C69676E3D2263656E746572222076616C69676E3D226D6964646C65223E3C6C6566742D626F726465722077696474683D223122207374796C653D22736F6C69642220636F6C6F723D22302C302C30222F3E3C72696768742D626F726465722077696474683D223122207374796C653D22736F6C69642220636F6C6F723D22302C302C30222F3E3C746F702D626F726465722077696474683D223122207374796C653D22736F6C69642220636F6C6F723D22302C302C30222F3E3C626F74746F6D2D626F726465722077696474683D223122207374796C653D22736F6C69642220636F6C6F723D22302C302C30222F3E3C2F63656C6C2D7374796C653E3C73696D706C652D76616C75653E3C215B43444154415BE794B5E5AD90E982AEE7AEB15D5D3E3C2F73696D706C652D76616C75653E3C2F63656C6C3E3C63656C6C20657870616E643D224E6F6E6522206E616D653D2245312220726F773D22312220636F6C3D2235223E3C63656C6C2D7374796C6520666F6E742D73697A653D2231302220666F7265636F6C6F723D22302C302C302220666F6E742D66616D696C793D22E6A5B7E4BD932220626F6C643D22747275652220616C69676E3D2263656E746572222076616C69676E3D226D6964646C65223E3C6C6566742D626F726465722077696474683D223122207374796C653D22736F6C69642220636F6C6F723D22302C302C30222F3E3C72696768742D626F726465722077696474683D223122207374796C653D22736F6C69642220636F6C6F723D22302C302C30222F3E3C746F702D626F726465722077696474683D223122207374796C653D22736F6C69642220636F6C6F723D22302C302C30222F3E3C626F74746F6D2D626F726465722077696474683D223122207374796C653D22736F6C69642220636F6C6F723D22302C302C30222F3E3C2F63656C6C2D7374796C653E3C73696D706C652D76616C75653E3C215B43444154415BE88194E7B3BBE696B9E5BC8F5D5D3E3C2F73696D706C652D76616C75653E3C2F63656C6C3E3C63656C6C20657870616E643D224E6F6E6522206E616D653D2246312220726F773D22312220636F6C3D2236223E3C63656C6C2D7374796C6520666F6E742D73697A653D22392220666F7265636F6C6F723D22302C302C302220666F6E742D66616D696C793D22E6A5B7E4BD932220626F6C643D22747275652220616C69676E3D2263656E746572222076616C69676E3D226D6964646C65223E3C6C6566742D626F726465722077696474683D223122207374796C653D22736F6C69642220636F6C6F723D22302C302C30222F3E3C72696768742D626F726465722077696474683D223122207374796C653D22736F6C69642220636F6C6F723D22302C302C30222F3E3C746F702D626F726465722077696474683D223122207374796C653D22736F6C69642220636F6C6F723D22302C302C30222F3E3C626F74746F6D2D626F726465722077696474683D223122207374796C653D22736F6C69642220636F6C6F723D22302C302C30222F3E3C2F63656C6C2D7374796C653E3C73696D706C652D76616C75653E3C215B43444154415BE5AEB6E5BAADE4BD8FE59D805D5D3E3C2F73696D706C652D76616C75653E3C2F63656C6C3E3C63656C6C20657870616E643D224E6F6E6522206E616D653D2247312220726F773D22312220636F6C3D2237223E3C63656C6C2D7374796C6520666F6E742D73697A653D22392220666F7265636F6C6F723D22302C302C302220666F6E742D66616D696C793D22E6A5B7E4BD932220626F6C643D22747275652220616C69676E3D2263656E746572222076616C69676E3D226D6964646C65223E3C6C6566742D626F726465722077696474683D223122207374796C653D22736F6C69642220636F6C6F723D22302C302C30222F3E3C72696768742D626F726465722077696474683D223122207374796C653D22736F6C69642220636F6C6F723D22302C302C30222F3E3C746F702D626F726465722077696474683D223122207374796C653D22736F6C69642220636F6C6F723D22302C302C30222F3E3C626F74746F6D2D626F726465722077696474683D223122207374796C653D22736F6C69642220636F6C6F723D22302C302C30222F3E3C2F63656C6C2D7374796C653E3C73696D706C652D76616C75653E3C215B43444154415BE5B7A5E8B5845D5D3E3C2F73696D706C652D76616C75653E3C2F63656C6C3E3C63656C6C20657870616E643D22446F776E22206E616D653D2241322220726F773D22322220636F6C3D2231223E3C63656C6C2D7374796C6520666F6E742D73697A653D2231302220616C69676E3D2263656E746572222076616C69676E3D226D6964646C65223E3C6C6566742D626F726465722077696474683D223122207374796C653D22736F6C69642220636F6C6F723D22302C302C30222F3E3C72696768742D626F726465722077696474683D223122207374796C653D22736F6C69642220636F6C6F723D22302C302C30222F3E3C746F702D626F726465722077696474683D223122207374796C653D22736F6C69642220636F6C6F723D22302C302C30222F3E3C626F74746F6D2D626F726465722077696474683D223122207374796C653D22736F6C69642220636F6C6F723D22302C302C30222F3E3C2F63656C6C2D7374796C653E3C646174617365742D76616C756520646174617365742D6E616D653D22E59198E5B7A522206167677265676174653D2267726F7570222070726F70657274793D226E756D22206F726465723D226E6F6E6522206D617070696E672D747970653D2273696D706C65223E3C2F646174617365742D76616C75653E3C2F63656C6C3E3C63656C6C20657870616E643D22446F776E22206E616D653D2242322220726F773D22322220636F6C3D2232223E3C63656C6C2D7374796C6520666F6E742D73697A653D2231302220616C69676E3D2263656E746572222076616C69676E3D226D6964646C65223E3C6C6566742D626F726465722077696474683D223122207374796C653D22736F6C69642220636F6C6F723D22302C302C30222F3E3C72696768742D626F726465722077696474683D223122207374796C653D22736F6C69642220636F6C6F723D22302C302C30222F3E3C746F702D626F726465722077696474683D223122207374796C653D22736F6C69642220636F6C6F723D22302C302C30222F3E3C626F74746F6D2D626F726465722077696474683D223122207374796C653D22736F6C69642220636F6C6F723D22302C302C30222F3E3C2F63656C6C2D7374796C653E3C646174617365742D76616C756520646174617365742D6E616D653D22E59198E5B7A522206167677265676174653D2267726F7570222070726F70657274793D226E616D6522206F726465723D226E6F6E6522206D617070696E672D747970653D2273696D706C65223E3C2F646174617365742D76616C75653E3C2F63656C6C3E3C63656C6C20657870616E643D22446F776E22206E616D653D2243322220726F773D22322220636F6C3D2233223E3C63656C6C2D7374796C6520666F6E742D73697A653D2231302220616C69676E3D2263656E746572222076616C69676E3D226D6964646C65223E3C6C6566742D626F726465722077696474683D223122207374796C653D22736F6C69642220636F6C6F723D22302C302C30222F3E3C72696768742D626F726465722077696474683D223122207374796C653D22736F6C69642220636F6C6F723D22302C302C30222F3E3C746F702D626F726465722077696474683D223122207374796C653D22736F6C69642220636F6C6F723D22302C302C30222F3E3C626F74746F6D2D626F726465722077696474683D223122207374796C653D22736F6C69642220636F6C6F723D22302C302C30222F3E3C2F63656C6C2D7374796C653E3C646174617365742D76616C756520646174617365742D6E616D653D22E59198E5B7A522206167677265676174653D2267726F7570222070726F70657274793D22686972654461746522206F726465723D226E6F6E6522206D617070696E672D747970653D2273696D706C65223E3C2F646174617365742D76616C75653E3C2F63656C6C3E3C63656C6C20657870616E643D22446F776E22206E616D653D2244322220726F773D22322220636F6C3D2234223E3C63656C6C2D7374796C6520666F6E742D73697A653D2231302220616C69676E3D2263656E746572222076616C69676E3D226D6964646C65223E3C6C6566742D626F726465722077696474683D223122207374796C653D22736F6C69642220636F6C6F723D22302C302C30222F3E3C72696768742D626F726465722077696474683D223122207374796C653D22736F6C69642220636F6C6F723D22302C302C30222F3E3C746F702D626F726465722077696474683D223122207374796C653D22736F6C69642220636F6C6F723D22302C302C30222F3E3C626F74746F6D2D626F726465722077696474683D223122207374796C653D22736F6C69642220636F6C6F723D22302C302C30222F3E3C2F63656C6C2D7374796C653E3C646174617365742D76616C756520646174617365742D6E616D653D22E59198E5B7A522206167677265676174653D2267726F7570222070726F70657274793D22656D61696C22206F726465723D226E6F6E6522206D617070696E672D747970653D2273696D706C65223E3C2F646174617365742D76616C75653E3C2F63656C6C3E3C63656C6C20657870616E643D22446F776E22206E616D653D2245322220726F773D22322220636F6C3D2235223E3C63656C6C2D7374796C6520666F6E742D73697A653D22392220666F7265636F6C6F723D223139342C38312C38312220666F6E742D66616D696C793D22E5AE8BE4BD932220616C69676E3D2263656E746572222076616C69676E3D226D6964646C65223E3C6C6566742D626F726465722077696474683D223122207374796C653D22736F6C69642220636F6C6F723D22302C302C30222F3E3C72696768742D626F726465722077696474683D223122207374796C653D22736F6C69642220636F6C6F723D22302C302C30222F3E3C746F702D626F726465722077696474683D223122207374796C653D22736F6C69642220636F6C6F723D22302C302C30222F3E3C626F74746F6D2D626F726465722077696474683D223122207374796C653D22736F6C69642220636F6C6F723D22302C302C30222F3E3C2F63656C6C2D7374796C653E3C646174617365742D76616C756520646174617365742D6E616D653D22E59198E5B7A522206167677265676174653D2267726F7570222070726F70657274793D2270686F6E6522206F726465723D226E6F6E6522206D617070696E672D747970653D2273696D706C65223E3C2F646174617365742D76616C75653E3C2F63656C6C3E3C63656C6C20657870616E643D22446F776E22206E616D653D2246322220726F773D22322220636F6C3D2236223E3C63656C6C2D7374796C6520666F6E742D73697A653D22392220666F7265636F6C6F723D223139342C38312C38312220666F6E742D66616D696C793D22E5AE8BE4BD932220616C69676E3D2263656E746572222076616C69676E3D226D6964646C65223E3C6C6566742D626F726465722077696474683D223122207374796C653D22736F6C69642220636F6C6F723D22302C302C30222F3E3C72696768742D626F726465722077696474683D223122207374796C653D22736F6C69642220636F6C6F723D22302C302C30222F3E3C746F702D626F726465722077696474683D223122207374796C653D22736F6C69642220636F6C6F723D22302C302C30222F3E3C626F74746F6D2D626F726465722077696474683D223122207374796C653D22736F6C69642220636F6C6F723D22302C302C30222F3E3C2F63656C6C2D7374796C653E3C646174617365742D76616C756520646174617365742D6E616D653D22E59198E5B7A522206167677265676174653D2267726F7570222070726F70657274793D226164647265737322206F726465723D226E6F6E6522206D617070696E672D747970653D2273696D706C65223E3C2F646174617365742D76616C75653E3C2F63656C6C3E3C63656C6C20657870616E643D22446F776E22206E616D653D2247322220726F773D22322220636F6C3D2237223E3C63656C6C2D7374796C6520666F6E742D73697A653D22392220666F7265636F6C6F723D223139342C38312C38312220666F6E742D66616D696C793D22E5AE8BE4BD9322206267636F6C6F723D223230342C3230342C3230342220616C69676E3D2263656E746572222076616C69676E3D226D6964646C65223E3C6C6566742D626F726465722077696474683D223122207374796C653D22736F6C69642220636F6C6F723D22302C302C30222F3E3C72696768742D626F726465722077696474683D223122207374796C653D22736F6C69642220636F6C6F723D22302C302C30222F3E3C746F702D626F726465722077696474683D223122207374796C653D22736F6C69642220636F6C6F723D22302C302C30222F3E3C626F74746F6D2D626F726465722077696474683D223122207374796C653D22736F6C69642220636F6C6F723D22302C302C30222F3E3C2F63656C6C2D7374796C653E3C646174617365742D76616C756520646174617365742D6E616D653D22E59198E5B7A522206167677265676174653D2267726F7570222070726F70657274793D2273616C61727922206F726465723D226E6F6E6522206D617070696E672D747970653D2273696D706C65223E3C2F646174617365742D76616C75653E3C2F63656C6C3E3C63656C6C20657870616E643D224E6F6E6522206E616D653D2241332220726F773D22332220636F6C3D2231223E3C63656C6C2D7374796C6520666F6E742D73697A653D2231302220616C69676E3D2263656E746572222076616C69676E3D226D6964646C65223E3C2F63656C6C2D7374796C653E3C73696D706C652D76616C75653E3C215B43444154415B5D5D3E3C2F73696D706C652D76616C75653E3C2F63656C6C3E3C63656C6C20657870616E643D224E6F6E6522206E616D653D2242332220726F773D22332220636F6C3D2232223E3C63656C6C2D7374796C6520666F6E742D73697A653D2231302220616C69676E3D2263656E746572222076616C69676E3D226D6964646C65223E3C2F63656C6C2D7374796C653E3C73696D706C652D76616C75653E3C215B43444154415B5D5D3E3C2F73696D706C652D76616C75653E3C2F63656C6C3E3C63656C6C20657870616E643D224E6F6E6522206E616D653D2243332220726F773D22332220636F6C3D2233223E3C63656C6C2D7374796C6520666F6E742D73697A653D2231302220616C69676E3D2263656E746572222076616C69676E3D226D6964646C65223E3C2F63656C6C2D7374796C653E3C73696D706C652D76616C75653E3C215B43444154415B5D5D3E3C2F73696D706C652D76616C75653E3C2F63656C6C3E3C63656C6C20657870616E643D224E6F6E6522206E616D653D2244332220726F773D22332220636F6C3D2234223E3C63656C6C2D7374796C6520666F6E742D73697A653D2231302220616C69676E3D2263656E746572222076616C69676E3D226D6964646C65223E3C2F63656C6C2D7374796C653E3C73696D706C652D76616C75653E3C215B43444154415B5D5D3E3C2F73696D706C652D76616C75653E3C2F63656C6C3E3C63656C6C20657870616E643D224E6F6E6522206E616D653D2245332220726F773D22332220636F6C3D2235223E3C63656C6C2D7374796C6520666F6E742D73697A653D22392220666F7265636F6C6F723D22302C302C302220666F6E742D66616D696C793D22E5AE8BE4BD932220616C69676E3D2263656E746572222076616C69676E3D226D6964646C65223E3C2F63656C6C2D7374796C653E3C73696D706C652D76616C75653E3C215B43444154415B5D5D3E3C2F73696D706C652D76616C75653E3C2F63656C6C3E3C63656C6C20657870616E643D224E6F6E6522206E616D653D2246332220726F773D22332220636F6C3D2236223E3C63656C6C2D7374796C6520666F6E742D73697A653D22392220666F7265636F6C6F723D22302C302C302220666F6E742D66616D696C793D22E5AE8BE4BD932220616C69676E3D2263656E746572222076616C69676E3D226D6964646C65223E3C2F63656C6C2D7374796C653E3C73696D706C652D76616C75653E3C215B43444154415B5D5D3E3C2F73696D706C652D76616C75653E3C2F63656C6C3E3C63656C6C20657870616E643D224E6F6E6522206E616D653D2247332220726F773D22332220636F6C3D2237223E3C63656C6C2D7374796C6520666F6E742D73697A653D22392220666F7265636F6C6F723D22302C302C302220666F6E742D66616D696C793D22E5AE8BE4BD932220616C69676E3D2263656E746572222076616C69676E3D226D6964646C65223E3C2F63656C6C2D7374796C653E3C73696D706C652D76616C75653E3C215B43444154415B5D5D3E3C2F73696D706C652D76616C75653E3C2F63656C6C3E3C726F7720726F772D6E756D6265723D223122206865696768743D223138222F3E3C726F7720726F772D6E756D6265723D223222206865696768743D223138222F3E3C726F7720726F772D6E756D6265723D223322206865696768743D223138222F3E3C636F6C756D6E20636F6C2D6E756D6265723D2231222077696474683D223830222F3E3C636F6C756D6E20636F6C2D6E756D6265723D2232222077696474683D223830222F3E3C636F6C756D6E20636F6C2D6E756D6265723D2233222077696474683D223830222F3E3C636F6C756D6E20636F6C2D6E756D6265723D2234222077696474683D223830222F3E3C636F6C756D6E20636F6C2D6E756D6265723D2235222077696474683D223733222F3E3C636F6C756D6E20636F6C2D6E756D6265723D2236222077696474683D22313838222F3E3C636F6C756D6E20636F6C2D6E756D6265723D2237222077696474683D223734222F3E3C64617461736F75726365206E616D653D22E6B58BE8AF952220747970653D22737072696E6722206265616E3D22746573744265616E223E3C64617461736574206E616D653D22E59198E5B7A52220747970653D226265616E22206D6574686F643D226275696C6465725265706F72742220636C617A7A3D22636F6D2E646164612E7265706F72742E6265616E2E5374616666223E3C6669656C64206E616D653D2261646472657373222F3E3C6669656C64206E616D653D22656D61696C222F3E3C6669656C64206E616D653D226869726544617465222F3E3C6669656C64206E616D653D226E616D65222F3E3C6669656C64206E616D653D226E756D222F3E3C6669656C64206E616D653D2270686F6E65222F3E3C6669656C64206E616D653D2273616C617279222F3E3C2F646174617365743E3C2F64617461736F757263653E3C706170657220747970653D22413422206C6566742D6D617267696E3D223930222072696768742D6D617267696E3D223930220A20202020746F702D6D617267696E3D2237322220626F74746F6D2D6D617267696E3D2237322220706167696E672D6D6F64653D22666974706167652220666978726F77733D2230220A2020202077696474683D2235393522206865696768743D2238343222206F7269656E746174696F6E3D22706F727472616974222068746D6C2D7265706F72742D616C69676E3D226C656674222062672D696D6167653D22222068746D6C2D696E74657276616C2D726566726573682D76616C75653D22302220636F6C756D6E2D656E61626C65643D2266616C7365223E3C2F70617065723E3C2F757265706F72743E, null, null, '当前报表尚未有详细介绍', '2019-03-07 16:36:46', '2019-03-07 17:04:29', '0', '0');

-- ----------------------------
-- Table structure for ureport_data_source_backup
-- ----------------------------
DROP TABLE IF EXISTS `ureport_data_source_backup`;
CREATE TABLE `ureport_data_source_backup` (
  `file_id` varchar(40) NOT NULL COMMENT '报表文件id',
  `file_name` varchar(100) DEFAULT NULL COMMENT '报表文件名称',
  `file_content` mediumblob COMMENT '报表文件内容',
  `file_descr` varchar(5000) DEFAULT NULL COMMENT '报表描述',
  `category_id` varchar(40) DEFAULT NULL COMMENT '报表所属机构',
  `dept_id` varchar(40) DEFAULT NULL COMMENT '所属部门id',
  `create_time` datetime DEFAULT NULL COMMENT '创建时间',
  `modify_time` datetime DEFAULT NULL COMMENT '修改时间',
  `public_state` varchar(40) DEFAULT NULL COMMENT '报表公有状态(0.私有 1.公有)',
  `visible_state` varchar(40) DEFAULT NULL COMMENT '报表对外可见状态(0.不可见 1.可见)',
  PRIMARY KEY (`file_id`)
) ENGINE=InnoDB DEFAULT CHARSET=utf8;

-- ----------------------------
-- Records of ureport_data_source_backup
-- ----------------------------
INSERT INTO `ureport_data_source_backup` VALUES ('314bb9aaa940420bb31909ea6769f261', '测试.ureport.xml', 0x3C3F786D6C2076657273696F6E3D22312E302220656E636F64696E673D225554462D38223F3E3C757265706F72743E3C63656C6C20657870616E643D224E6F6E6522206E616D653D2241312220726F773D22312220636F6C3D2231223E3C63656C6C2D7374796C6520666F6E742D73697A653D2231302220616C69676E3D2263656E746572222076616C69676E3D226D6964646C65223E3C2F63656C6C2D7374796C653E3C73696D706C652D76616C75653E3C215B43444154415BE6B58BE8AF955D5D3E3C2F73696D706C652D76616C75653E3C2F63656C6C3E3C63656C6C20657870616E643D224E6F6E6522206E616D653D2242312220726F773D22312220636F6C3D2232223E3C63656C6C2D7374796C6520666F6E742D73697A653D2231302220616C69676E3D2263656E746572222076616C69676E3D226D6964646C65223E3C2F63656C6C2D7374796C653E3C73696D706C652D76616C75653E3C215B43444154415B5D5D3E3C2F73696D706C652D76616C75653E3C2F63656C6C3E3C63656C6C20657870616E643D224E6F6E6522206E616D653D2243312220726F773D22312220636F6C3D2233223E3C63656C6C2D7374796C6520666F6E742D73697A653D2231302220616C69676E3D2263656E746572222076616C69676E3D226D6964646C65223E3C2F63656C6C2D7374796C653E3C73696D706C652D76616C75653E3C215B43444154415B5D5D3E3C2F73696D706C652D76616C75653E3C2F63656C6C3E3C63656C6C20657870616E643D224E6F6E6522206E616D653D2244312220726F773D22312220636F6C3D2234223E3C63656C6C2D7374796C6520666F6E742D73697A653D2231302220616C69676E3D2263656E746572222076616C69676E3D226D6964646C65223E3C2F63656C6C2D7374796C653E3C73696D706C652D76616C75653E3C215B43444154415B5D5D3E3C2F73696D706C652D76616C75653E3C2F63656C6C3E3C63656C6C20657870616E643D224E6F6E6522206E616D653D2241322220726F773D22322220636F6C3D2231223E3C63656C6C2D7374796C6520666F6E742D73697A653D2231302220616C69676E3D2263656E746572222076616C69676E3D226D6964646C65223E3C2F63656C6C2D7374796C653E3C73696D706C652D76616C75653E3C215B43444154415B5D5D3E3C2F73696D706C652D76616C75653E3C2F63656C6C3E3C63656C6C20657870616E643D224E6F6E6522206E616D653D2242322220726F773D22322220636F6C3D2232223E3C63656C6C2D7374796C6520666F6E742D73697A653D2231302220616C69676E3D2263656E746572222076616C69676E3D226D6964646C65223E3C2F63656C6C2D7374796C653E3C73696D706C652D76616C75653E3C215B43444154415B5D5D3E3C2F73696D706C652D76616C75653E3C2F63656C6C3E3C63656C6C20657870616E643D224E6F6E6522206E616D653D2243322220726F773D22322220636F6C3D2233223E3C63656C6C2D7374796C6520666F6E742D73697A653D2231302220616C69676E3D2263656E746572222076616C69676E3D226D6964646C65223E3C2F63656C6C2D7374796C653E3C73696D706C652D76616C75653E3C215B43444154415B5D5D3E3C2F73696D706C652D76616C75653E3C2F63656C6C3E3C63656C6C20657870616E643D224E6F6E6522206E616D653D2244322220726F773D22322220636F6C3D2234223E3C63656C6C2D7374796C6520666F6E742D73697A653D2231302220616C69676E3D2263656E746572222076616C69676E3D226D6964646C65223E3C2F63656C6C2D7374796C653E3C73696D706C652D76616C75653E3C215B43444154415B5D5D3E3C2F73696D706C652D76616C75653E3C2F63656C6C3E3C63656C6C20657870616E643D224E6F6E6522206E616D653D2241332220726F773D22332220636F6C3D2231223E3C63656C6C2D7374796C6520666F6E742D73697A653D2231302220616C69676E3D2263656E746572222076616C69676E3D226D6964646C65223E3C2F63656C6C2D7374796C653E3C73696D706C652D76616C75653E3C215B43444154415B5D5D3E3C2F73696D706C652D76616C75653E3C2F63656C6C3E3C63656C6C20657870616E643D224E6F6E6522206E616D653D2242332220726F773D22332220636F6C3D2232223E3C63656C6C2D7374796C6520666F6E742D73697A653D2231302220616C69676E3D2263656E746572222076616C69676E3D226D6964646C65223E3C2F63656C6C2D7374796C653E3C73696D706C652D76616C75653E3C215B43444154415B5D5D3E3C2F73696D706C652D76616C75653E3C2F63656C6C3E3C63656C6C20657870616E643D224E6F6E6522206E616D653D2243332220726F773D22332220636F6C3D2233223E3C63656C6C2D7374796C6520666F6E742D73697A653D2231302220616C69676E3D2263656E746572222076616C69676E3D226D6964646C65223E3C2F63656C6C2D7374796C653E3C73696D706C652D76616C75653E3C215B43444154415B5D5D3E3C2F73696D706C652D76616C75653E3C2F63656C6C3E3C63656C6C20657870616E643D224E6F6E6522206E616D653D2244332220726F773D22332220636F6C3D2234223E3C63656C6C2D7374796C6520666F6E742D73697A653D2231302220616C69676E3D2263656E746572222076616C69676E3D226D6964646C65223E3C2F63656C6C2D7374796C653E3C73696D706C652D76616C75653E3C215B43444154415B5D5D3E3C2F73696D706C652D76616C75653E3C2F63656C6C3E3C726F7720726F772D6E756D6265723D223122206865696768743D223138222F3E3C726F7720726F772D6E756D6265723D223222206865696768743D223138222F3E3C726F7720726F772D6E756D6265723D223322206865696768743D223138222F3E3C636F6C756D6E20636F6C2D6E756D6265723D2231222077696474683D223830222F3E3C636F6C756D6E20636F6C2D6E756D6265723D2232222077696474683D223830222F3E3C636F6C756D6E20636F6C2D6E756D6265723D2233222077696474683D223830222F3E3C636F6C756D6E20636F6C2D6E756D6265723D2234222077696474683D223830222F3E3C706170657220747970653D22413422206C6566742D6D617267696E3D223930222072696768742D6D617267696E3D223930220A20202020746F702D6D617267696E3D2237322220626F74746F6D2D6D617267696E3D2237322220706167696E672D6D6F64653D22666974706167652220666978726F77733D2230220A2020202077696474683D2235393522206865696768743D2238343222206F7269656E746174696F6E3D22706F727472616974222068746D6C2D7265706F72742D616C69676E3D226C656674222062672D696D6167653D22222068746D6C2D696E74657276616C2D726566726573682D76616C75653D22302220636F6C756D6E2D656E61626C65643D2266616C7365223E3C2F70617065723E3C2F757265706F72743E, '当前数据源配置文件尚未有详细介绍', null, null, '2019-03-08 13:10:18', '2019-03-08 13:10:18', '0', '0');

-- ----------------------------
-- Table structure for ureport_data_source_file
-- ----------------------------
DROP TABLE IF EXISTS `ureport_data_source_file`;
CREATE TABLE `ureport_data_source_file` (
  `file_id` varchar(40) NOT NULL COMMENT '报表文件id',
  `file_name` varchar(100) DEFAULT NULL COMMENT '报表文件名称',
  `file_content` mediumblob COMMENT '报表文件内容',
  `category_id` varchar(40) DEFAULT NULL COMMENT '报表所属机构',
  `dept_id` varchar(40) DEFAULT NULL COMMENT '所属部门id',
  `file_descr` varchar(5000) DEFAULT NULL COMMENT '报表描述',
  `create_time` datetime DEFAULT NULL COMMENT '创建时间',
  `modify_time` datetime DEFAULT NULL COMMENT '修改时间',
  `public_state` varchar(40) DEFAULT NULL COMMENT '报表公有状态(0.私有 1.公有)',
  `visible_state` varchar(40) DEFAULT NULL COMMENT '报表对外可见状态(0.不可见 1.可见)',
  PRIMARY KEY (`file_id`)
) ENGINE=InnoDB DEFAULT CHARSET=utf8;

-- ----------------------------
-- Records of ureport_data_source_file
-- ----------------------------
INSERT INTO `ureport_data_source_file` VALUES ('9a049d53a6eb44078b49074c16122504', '测试.ureport.xml', 0x3C3F786D6C2076657273696F6E3D22312E302220656E636F64696E673D225554462D38223F3E3C757265706F72743E3C63656C6C20657870616E643D224E6F6E6522206E616D653D2241312220726F773D22312220636F6C3D2231223E3C63656C6C2D7374796C6520666F6E742D73697A653D2231302220616C69676E3D2263656E746572222076616C69676E3D226D6964646C65223E3C2F63656C6C2D7374796C653E3C73696D706C652D76616C75653E3C215B43444154415BE6B58BE8AF955D5D3E3C2F73696D706C652D76616C75653E3C2F63656C6C3E3C63656C6C20657870616E643D224E6F6E6522206E616D653D2242312220726F773D22312220636F6C3D2232223E3C63656C6C2D7374796C6520666F6E742D73697A653D2231302220616C69676E3D2263656E746572222076616C69676E3D226D6964646C65223E3C2F63656C6C2D7374796C653E3C73696D706C652D76616C75653E3C215B43444154415B5D5D3E3C2F73696D706C652D76616C75653E3C2F63656C6C3E3C63656C6C20657870616E643D224E6F6E6522206E616D653D2243312220726F773D22312220636F6C3D2233223E3C63656C6C2D7374796C6520666F6E742D73697A653D2231302220616C69676E3D2263656E746572222076616C69676E3D226D6964646C65223E3C2F63656C6C2D7374796C653E3C73696D706C652D76616C75653E3C215B43444154415B5D5D3E3C2F73696D706C652D76616C75653E3C2F63656C6C3E3C63656C6C20657870616E643D224E6F6E6522206E616D653D2244312220726F773D22312220636F6C3D2234223E3C63656C6C2D7374796C6520666F6E742D73697A653D2231302220616C69676E3D2263656E746572222076616C69676E3D226D6964646C65223E3C2F63656C6C2D7374796C653E3C73696D706C652D76616C75653E3C215B43444154415B5D5D3E3C2F73696D706C652D76616C75653E3C2F63656C6C3E3C63656C6C20657870616E643D224E6F6E6522206E616D653D2241322220726F773D22322220636F6C3D2231223E3C63656C6C2D7374796C6520666F6E742D73697A653D2231302220616C69676E3D2263656E746572222076616C69676E3D226D6964646C65223E3C2F63656C6C2D7374796C653E3C73696D706C652D76616C75653E3C215B43444154415B5D5D3E3C2F73696D706C652D76616C75653E3C2F63656C6C3E3C63656C6C20657870616E643D224E6F6E6522206E616D653D2242322220726F773D22322220636F6C3D2232223E3C63656C6C2D7374796C6520666F6E742D73697A653D2231302220616C69676E3D2263656E746572222076616C69676E3D226D6964646C65223E3C2F63656C6C2D7374796C653E3C73696D706C652D76616C75653E3C215B43444154415B5D5D3E3C2F73696D706C652D76616C75653E3C2F63656C6C3E3C63656C6C20657870616E643D224E6F6E6522206E616D653D2243322220726F773D22322220636F6C3D2233223E3C63656C6C2D7374796C6520666F6E742D73697A653D2231302220616C69676E3D2263656E746572222076616C69676E3D226D6964646C65223E3C2F63656C6C2D7374796C653E3C73696D706C652D76616C75653E3C215B43444154415B5D5D3E3C2F73696D706C652D76616C75653E3C2F63656C6C3E3C63656C6C20657870616E643D224E6F6E6522206E616D653D2244322220726F773D22322220636F6C3D2234223E3C63656C6C2D7374796C6520666F6E742D73697A653D2231302220616C69676E3D2263656E746572222076616C69676E3D226D6964646C65223E3C2F63656C6C2D7374796C653E3C73696D706C652D76616C75653E3C215B43444154415B5D5D3E3C2F73696D706C652D76616C75653E3C2F63656C6C3E3C63656C6C20657870616E643D224E6F6E6522206E616D653D2241332220726F773D22332220636F6C3D2231223E3C63656C6C2D7374796C6520666F6E742D73697A653D2231302220616C69676E3D2263656E746572222076616C69676E3D226D6964646C65223E3C2F63656C6C2D7374796C653E3C73696D706C652D76616C75653E3C215B43444154415B5D5D3E3C2F73696D706C652D76616C75653E3C2F63656C6C3E3C63656C6C20657870616E643D224E6F6E6522206E616D653D2242332220726F773D22332220636F6C3D2232223E3C63656C6C2D7374796C6520666F6E742D73697A653D2231302220616C69676E3D2263656E746572222076616C69676E3D226D6964646C65223E3C2F63656C6C2D7374796C653E3C73696D706C652D76616C75653E3C215B43444154415B5D5D3E3C2F73696D706C652D76616C75653E3C2F63656C6C3E3C63656C6C20657870616E643D224E6F6E6522206E616D653D2243332220726F773D22332220636F6C3D2233223E3C63656C6C2D7374796C6520666F6E742D73697A653D2231302220616C69676E3D2263656E746572222076616C69676E3D226D6964646C65223E3C2F63656C6C2D7374796C653E3C73696D706C652D76616C75653E3C215B43444154415B5D5D3E3C2F73696D706C652D76616C75653E3C2F63656C6C3E3C63656C6C20657870616E643D224E6F6E6522206E616D653D2244332220726F773D22332220636F6C3D2234223E3C63656C6C2D7374796C6520666F6E742D73697A653D2231302220616C69676E3D2263656E746572222076616C69676E3D226D6964646C65223E3C2F63656C6C2D7374796C653E3C73696D706C652D76616C75653E3C215B43444154415B5D5D3E3C2F73696D706C652D76616C75653E3C2F63656C6C3E3C726F7720726F772D6E756D6265723D223122206865696768743D223138222F3E3C726F7720726F772D6E756D6265723D223222206865696768743D223138222F3E3C726F7720726F772D6E756D6265723D223322206865696768743D223138222F3E3C636F6C756D6E20636F6C2D6E756D6265723D2231222077696474683D223830222F3E3C636F6C756D6E20636F6C2D6E756D6265723D2232222077696474683D223830222F3E3C636F6C756D6E20636F6C2D6E756D6265723D2233222077696474683D223830222F3E3C636F6C756D6E20636F6C2D6E756D6265723D2234222077696474683D223830222F3E3C706170657220747970653D22413422206C6566742D6D617267696E3D223930222072696768742D6D617267696E3D223930220A20202020746F702D6D617267696E3D2237322220626F74746F6D2D6D617267696E3D2237322220706167696E672D6D6F64653D22666974706167652220666978726F77733D2230220A2020202077696474683D2235393522206865696768743D2238343222206F7269656E746174696F6E3D22706F727472616974222068746D6C2D7265706F72742D616C69676E3D226C656674222062672D696D6167653D22222068746D6C2D696E74657276616C2D726566726573682D76616C75653D22302220636F6C756D6E2D656E61626C65643D2266616C7365223E3C2F70617065723E3C2F757265706F72743E, '1', null, '当前数据源配置文件尚未有详细介绍', '2019-03-08 13:00:37', '2019-03-08 13:00:37', '0', '0');

-- ----------------------------
-- Table structure for ureport_file
-- ----------------------------
DROP TABLE IF EXISTS `ureport_file`;
CREATE TABLE `ureport_file` (
  `file_id` varchar(40) NOT NULL COMMENT '报表文件id',
  `file_name` varchar(100) DEFAULT NULL COMMENT '报表文件名称',
  `file_content` mediumblob COMMENT '报表文件内容',
  `category_id` varchar(40) DEFAULT NULL COMMENT '报表所属机构',
  `dept_id` varchar(40) DEFAULT NULL COMMENT '所属部门id',
  `file_descr` varchar(5000) NOT NULL COMMENT '报表描述',
  `create_time` datetime DEFAULT NULL COMMENT '创建时间',
  `modify_time` datetime DEFAULT NULL COMMENT '修改时间',
  `public_state` varchar(40) NOT NULL COMMENT '报表公有状态(0.私有 1.公有)',
  `visible_state` varchar(40) DEFAULT NULL COMMENT '报表对外可见状态(0.不可见 1.可见)',
  PRIMARY KEY (`file_id`)
) ENGINE=InnoDB DEFAULT CHARSET=utf8;

-- ----------------------------
-- Records of ureport_file
-- ----------------------------
INSERT INTO `ureport_file` VALUES ('1218f3df898a4535835417d3f1b7e6f2', '测试.ureport.xml', 0x3C3F786D6C2076657273696F6E3D22312E302220656E636F64696E673D225554462D38223F3E3C757265706F72743E3C63656C6C20657870616E643D224E6F6E6522206E616D653D2241312220726F773D22312220636F6C3D2231223E3C63656C6C2D7374796C6520666F6E742D73697A653D2231302220616C69676E3D2263656E746572222076616C69676E3D226D6964646C65223E3C2F63656C6C2D7374796C653E3C73696D706C652D76616C75653E3C215B43444154415BE6B58BE8AF955D5D3E3C2F73696D706C652D76616C75653E3C2F63656C6C3E3C63656C6C20657870616E643D224E6F6E6522206E616D653D2242312220726F773D22312220636F6C3D2232223E3C63656C6C2D7374796C6520666F6E742D73697A653D2231302220616C69676E3D2263656E746572222076616C69676E3D226D6964646C65223E3C2F63656C6C2D7374796C653E3C73696D706C652D76616C75653E3C215B43444154415BE6B58BE8AF95E58685E5AEB95D5D3E3C2F73696D706C652D76616C75653E3C2F63656C6C3E3C63656C6C20657870616E643D224E6F6E6522206E616D653D2243312220726F773D22312220636F6C3D2233223E3C63656C6C2D7374796C6520666F6E742D73697A653D2231302220616C69676E3D2263656E746572222076616C69676E3D226D6964646C65223E3C2F63656C6C2D7374796C653E3C73696D706C652D76616C75653E3C215B43444154415B5D5D3E3C2F73696D706C652D76616C75653E3C2F63656C6C3E3C63656C6C20657870616E643D224E6F6E6522206E616D653D2244312220726F773D22312220636F6C3D2234223E3C63656C6C2D7374796C6520666F6E742D73697A653D2231302220616C69676E3D2263656E746572222076616C69676E3D226D6964646C65223E3C2F63656C6C2D7374796C653E3C73696D706C652D76616C75653E3C215B43444154415B5D5D3E3C2F73696D706C652D76616C75653E3C2F63656C6C3E3C63656C6C20657870616E643D224E6F6E6522206E616D653D2241322220726F773D22322220636F6C3D2231223E3C63656C6C2D7374796C6520666F6E742D73697A653D2231302220616C69676E3D2263656E746572222076616C69676E3D226D6964646C65223E3C2F63656C6C2D7374796C653E3C73696D706C652D76616C75653E3C215B43444154415B5D5D3E3C2F73696D706C652D76616C75653E3C2F63656C6C3E3C63656C6C20657870616E643D224E6F6E6522206E616D653D2242322220726F773D22322220636F6C3D2232223E3C63656C6C2D7374796C6520666F6E742D73697A653D2231302220616C69676E3D2263656E746572222076616C69676E3D226D6964646C65223E3C2F63656C6C2D7374796C653E3C73696D706C652D76616C75653E3C215B43444154415B5D5D3E3C2F73696D706C652D76616C75653E3C2F63656C6C3E3C63656C6C20657870616E643D224E6F6E6522206E616D653D2243322220726F773D22322220636F6C3D2233223E3C63656C6C2D7374796C6520666F6E742D73697A653D2231302220616C69676E3D2263656E746572222076616C69676E3D226D6964646C65223E3C2F63656C6C2D7374796C653E3C73696D706C652D76616C75653E3C215B43444154415B5D5D3E3C2F73696D706C652D76616C75653E3C2F63656C6C3E3C63656C6C20657870616E643D224E6F6E6522206E616D653D2244322220726F773D22322220636F6C3D2234223E3C63656C6C2D7374796C6520666F6E742D73697A653D2231302220616C69676E3D2263656E746572222076616C69676E3D226D6964646C65223E3C2F63656C6C2D7374796C653E3C73696D706C652D76616C75653E3C215B43444154415B5D5D3E3C2F73696D706C652D76616C75653E3C2F63656C6C3E3C63656C6C20657870616E643D224E6F6E6522206E616D653D2241332220726F773D22332220636F6C3D2231223E3C63656C6C2D7374796C6520666F6E742D73697A653D2231302220616C69676E3D2263656E746572222076616C69676E3D226D6964646C65223E3C2F63656C6C2D7374796C653E3C73696D706C652D76616C75653E3C215B43444154415B5D5D3E3C2F73696D706C652D76616C75653E3C2F63656C6C3E3C63656C6C20657870616E643D224E6F6E6522206E616D653D2242332220726F773D22332220636F6C3D2232223E3C63656C6C2D7374796C6520666F6E742D73697A653D2231302220616C69676E3D2263656E746572222076616C69676E3D226D6964646C65223E3C2F63656C6C2D7374796C653E3C73696D706C652D76616C75653E3C215B43444154415B5D5D3E3C2F73696D706C652D76616C75653E3C2F63656C6C3E3C63656C6C20657870616E643D224E6F6E6522206E616D653D2243332220726F773D22332220636F6C3D2233223E3C63656C6C2D7374796C6520666F6E742D73697A653D2231302220616C69676E3D2263656E746572222076616C69676E3D226D6964646C65223E3C2F63656C6C2D7374796C653E3C73696D706C652D76616C75653E3C215B43444154415B5D5D3E3C2F73696D706C652D76616C75653E3C2F63656C6C3E3C63656C6C20657870616E643D224E6F6E6522206E616D653D2244332220726F773D22332220636F6C3D2234223E3C63656C6C2D7374796C6520666F6E742D73697A653D2231302220616C69676E3D2263656E746572222076616C69676E3D226D6964646C65223E3C2F63656C6C2D7374796C653E3C73696D706C652D76616C75653E3C215B43444154415B5D5D3E3C2F73696D706C652D76616C75653E3C2F63656C6C3E3C726F7720726F772D6E756D6265723D223122206865696768743D223138222F3E3C726F7720726F772D6E756D6265723D223222206865696768743D223138222F3E3C726F7720726F772D6E756D6265723D223322206865696768743D223138222F3E3C636F6C756D6E20636F6C2D6E756D6265723D2231222077696474683D223830222F3E3C636F6C756D6E20636F6C2D6E756D6265723D2232222077696474683D223830222F3E3C636F6C756D6E20636F6C2D6E756D6265723D2233222077696474683D223830222F3E3C636F6C756D6E20636F6C2D6E756D6265723D2234222077696474683D223830222F3E3C706170657220747970653D22413422206C6566742D6D617267696E3D223930222072696768742D6D617267696E3D223930220A20202020746F702D6D617267696E3D2237322220626F74746F6D2D6D617267696E3D2237322220706167696E672D6D6F64653D22666974706167652220666978726F77733D2230220A2020202077696474683D2235393522206865696768743D2238343222206F7269656E746174696F6E3D22706F727472616974222068746D6C2D7265706F72742D616C69676E3D226C656674222062672D696D6167653D22222068746D6C2D696E74657276616C2D726566726573682D76616C75653D22302220636F6C756D6E2D656E61626C65643D2266616C7365223E3C2F70617065723E3C2F757265706F72743E, 'bb4d4110b078412697e6c4e8bb31a8e3', 'bb4d4110b078412697e6c4e8bb31a8e3', '测试ing', '2019-03-06 04:41:50', '2019-04-07 00:05:25', '1', '0');
INSERT INTO `ureport_file` VALUES ('325a002d706949259d55e4a77375a900', '测试所属.ureport.xml', 0x3C3F786D6C2076657273696F6E3D22312E302220656E636F64696E673D225554462D38223F3E3C757265706F72743E3C63656C6C20657870616E643D224E6F6E6522206E616D653D2241312220726F773D22312220636F6C3D2231223E3C63656C6C2D7374796C6520666F6E742D73697A653D2231302220616C69676E3D2263656E746572222076616C69676E3D226D6964646C65223E3C2F63656C6C2D7374796C653E3C73696D706C652D76616C75653E3C215B43444154415BE6B58BE8AF955D5D3E3C2F73696D706C652D76616C75653E3C2F63656C6C3E3C63656C6C20657870616E643D224E6F6E6522206E616D653D2242312220726F773D22312220636F6C3D2232223E3C63656C6C2D7374796C6520666F6E742D73697A653D2231302220616C69676E3D2263656E746572222076616C69676E3D226D6964646C65223E3C2F63656C6C2D7374796C653E3C73696D706C652D76616C75653E3C215B43444154415BE6B58BE8AF955D5D3E3C2F73696D706C652D76616C75653E3C2F63656C6C3E3C63656C6C20657870616E643D224E6F6E6522206E616D653D2243312220726F773D22312220636F6C3D2233223E3C63656C6C2D7374796C6520666F6E742D73697A653D2231302220616C69676E3D2263656E746572222076616C69676E3D226D6964646C65223E3C2F63656C6C2D7374796C653E3C73696D706C652D76616C75653E3C215B43444154415B5D5D3E3C2F73696D706C652D76616C75653E3C2F63656C6C3E3C63656C6C20657870616E643D224E6F6E6522206E616D653D2244312220726F773D22312220636F6C3D2234223E3C63656C6C2D7374796C6520666F6E742D73697A653D2231302220616C69676E3D2263656E746572222076616C69676E3D226D6964646C65223E3C2F63656C6C2D7374796C653E3C73696D706C652D76616C75653E3C215B43444154415B5D5D3E3C2F73696D706C652D76616C75653E3C2F63656C6C3E3C63656C6C20657870616E643D224E6F6E6522206E616D653D2241322220726F773D22322220636F6C3D2231223E3C63656C6C2D7374796C6520666F6E742D73697A653D2231302220616C69676E3D2263656E746572222076616C69676E3D226D6964646C65223E3C2F63656C6C2D7374796C653E3C73696D706C652D76616C75653E3C215B43444154415B5D5D3E3C2F73696D706C652D76616C75653E3C2F63656C6C3E3C63656C6C20657870616E643D224E6F6E6522206E616D653D2242322220726F773D22322220636F6C3D2232223E3C63656C6C2D7374796C6520666F6E742D73697A653D2231302220616C69676E3D2263656E746572222076616C69676E3D226D6964646C65223E3C2F63656C6C2D7374796C653E3C73696D706C652D76616C75653E3C215B43444154415B5D5D3E3C2F73696D706C652D76616C75653E3C2F63656C6C3E3C63656C6C20657870616E643D224E6F6E6522206E616D653D2243322220726F773D22322220636F6C3D2233223E3C63656C6C2D7374796C6520666F6E742D73697A653D2231302220616C69676E3D2263656E746572222076616C69676E3D226D6964646C65223E3C2F63656C6C2D7374796C653E3C73696D706C652D76616C75653E3C215B43444154415B5D5D3E3C2F73696D706C652D76616C75653E3C2F63656C6C3E3C63656C6C20657870616E643D224E6F6E6522206E616D653D2244322220726F773D22322220636F6C3D2234223E3C63656C6C2D7374796C6520666F6E742D73697A653D2231302220616C69676E3D2263656E746572222076616C69676E3D226D6964646C65223E3C2F63656C6C2D7374796C653E3C73696D706C652D76616C75653E3C215B43444154415B5D5D3E3C2F73696D706C652D76616C75653E3C2F63656C6C3E3C63656C6C20657870616E643D224E6F6E6522206E616D653D2241332220726F773D22332220636F6C3D2231223E3C63656C6C2D7374796C6520666F6E742D73697A653D2231302220616C69676E3D2263656E746572222076616C69676E3D226D6964646C65223E3C2F63656C6C2D7374796C653E3C73696D706C652D76616C75653E3C215B43444154415B5D5D3E3C2F73696D706C652D76616C75653E3C2F63656C6C3E3C63656C6C20657870616E643D224E6F6E6522206E616D653D2242332220726F773D22332220636F6C3D2232223E3C63656C6C2D7374796C6520666F6E742D73697A653D2231302220616C69676E3D2263656E746572222076616C69676E3D226D6964646C65223E3C2F63656C6C2D7374796C653E3C73696D706C652D76616C75653E3C215B43444154415B5D5D3E3C2F73696D706C652D76616C75653E3C2F63656C6C3E3C63656C6C20657870616E643D224E6F6E6522206E616D653D2243332220726F773D22332220636F6C3D2233223E3C63656C6C2D7374796C6520666F6E742D73697A653D2231302220616C69676E3D2263656E746572222076616C69676E3D226D6964646C65223E3C2F63656C6C2D7374796C653E3C73696D706C652D76616C75653E3C215B43444154415B5D5D3E3C2F73696D706C652D76616C75653E3C2F63656C6C3E3C63656C6C20657870616E643D224E6F6E6522206E616D653D2244332220726F773D22332220636F6C3D2234223E3C63656C6C2D7374796C6520666F6E742D73697A653D2231302220616C69676E3D2263656E746572222076616C69676E3D226D6964646C65223E3C2F63656C6C2D7374796C653E3C73696D706C652D76616C75653E3C215B43444154415B5D5D3E3C2F73696D706C652D76616C75653E3C2F63656C6C3E3C726F7720726F772D6E756D6265723D223122206865696768743D223138222F3E3C726F7720726F772D6E756D6265723D223222206865696768743D223138222F3E3C726F7720726F772D6E756D6265723D223322206865696768743D223138222F3E3C636F6C756D6E20636F6C2D6E756D6265723D2231222077696474683D223830222F3E3C636F6C756D6E20636F6C2D6E756D6265723D2232222077696474683D223830222F3E3C636F6C756D6E20636F6C2D6E756D6265723D2233222077696474683D223830222F3E3C636F6C756D6E20636F6C2D6E756D6265723D2234222077696474683D223830222F3E3C706170657220747970653D22413422206C6566742D6D617267696E3D223930222072696768742D6D617267696E3D223930220A20202020746F702D6D617267696E3D2237322220626F74746F6D2D6D617267696E3D2237322220706167696E672D6D6F64653D22666974706167652220666978726F77733D2230220A2020202077696474683D2235393522206865696768743D2238343222206F7269656E746174696F6E3D22706F727472616974222068746D6C2D7265706F72742D616C69676E3D226C656674222062672D696D6167653D22222068746D6C2D696E74657276616C2D726566726573682D76616C75653D22302220636F6C756D6E2D656E61626C65643D2266616C7365223E3C2F70617065723E3C2F757265706F72743E, '1', 'bb4d4110b078412697e6c4e8bb31a8e3', '当前报表尚未有详细介绍', '2019-03-10 09:02:18', '2019-03-10 09:02:26', '1', '1');
INSERT INTO `ureport_file` VALUES ('392152e98fe445e29e1c01b20e787684', '测试报表.ureport.xml', 0x3C3F786D6C2076657273696F6E3D22312E302220656E636F64696E673D225554462D38223F3E3C757265706F72743E3C63656C6C20657870616E643D224E6F6E6522206E616D653D2241312220726F773D22312220636F6C3D2231223E3C63656C6C2D7374796C6520666F6E742D73697A653D2231302220666F7265636F6C6F723D2235312C3132322C31383322206267636F6C6F723D223139312C39332C39332220616C69676E3D2263656E746572222076616C69676E3D226D6964646C65223E3C6C6566742D626F726465722077696474683D223122207374796C653D22736F6C69642220636F6C6F723D22302C302C30222F3E3C72696768742D626F726465722077696474683D223122207374796C653D22736F6C69642220636F6C6F723D22302C302C30222F3E3C746F702D626F726465722077696474683D223122207374796C653D22736F6C69642220636F6C6F723D22302C302C30222F3E3C626F74746F6D2D626F726465722077696474683D223122207374796C653D22736F6C69642220636F6C6F723D22302C302C30222F3E3C2F63656C6C2D7374796C653E3C73696D706C652D76616C75653E3C215B43444154415BE794A8E688B7E5908DE7A7B05D5D3E3C2F73696D706C652D76616C75653E3C2F63656C6C3E3C63656C6C20657870616E643D224E6F6E6522206E616D653D2242312220726F773D22312220636F6C3D2232223E3C63656C6C2D7374796C6520666F6E742D73697A653D2231302220666F7265636F6C6F723D2235312C3132322C31383322206267636F6C6F723D223139312C39332C39332220616C69676E3D2263656E746572222076616C69676E3D226D6964646C65223E3C6C6566742D626F726465722077696474683D223122207374796C653D22736F6C69642220636F6C6F723D22302C302C30222F3E3C72696768742D626F726465722077696474683D223122207374796C653D22736F6C69642220636F6C6F723D22302C302C30222F3E3C746F702D626F726465722077696474683D223122207374796C653D22736F6C69642220636F6C6F723D22302C302C30222F3E3C626F74746F6D2D626F726465722077696474683D223122207374796C653D22736F6C69642220636F6C6F723D22302C302C30222F3E3C2F63656C6C2D7374796C653E3C73696D706C652D76616C75653E3C215B43444154415BE794A8E688B7E5AF86E7A0815D5D3E3C2F73696D706C652D76616C75653E3C2F63656C6C3E3C63656C6C20657870616E643D224E6F6E6522206E616D653D2243312220726F773D22312220636F6C3D2233223E3C63656C6C2D7374796C6520666F6E742D73697A653D2231302220666F7265636F6C6F723D2235312C3132322C31383322206267636F6C6F723D223139312C39332C39332220616C69676E3D2263656E746572222076616C69676E3D226D6964646C65223E3C6C6566742D626F726465722077696474683D223122207374796C653D22736F6C69642220636F6C6F723D22302C302C30222F3E3C72696768742D626F726465722077696474683D223122207374796C653D22736F6C69642220636F6C6F723D22302C302C30222F3E3C746F702D626F726465722077696474683D223122207374796C653D22736F6C69642220636F6C6F723D22302C302C30222F3E3C626F74746F6D2D626F726465722077696474683D223122207374796C653D22736F6C69642220636F6C6F723D22302C302C30222F3E3C2F63656C6C2D7374796C653E3C73696D706C652D76616C75653E3C215B43444154415BE794A8E688B7E69D83E999905D5D3E3C2F73696D706C652D76616C75653E3C2F63656C6C3E3C63656C6C20657870616E643D224E6F6E6522206E616D653D2244312220726F773D22312220636F6C3D2234223E3C63656C6C2D7374796C6520666F6E742D73697A653D2231302220616C69676E3D2263656E746572222076616C69676E3D226D6964646C65223E3C2F63656C6C2D7374796C653E3C73696D706C652D76616C75653E3C215B43444154415B5D5D3E3C2F73696D706C652D76616C75653E3C2F63656C6C3E3C63656C6C20657870616E643D22446F776E22206E616D653D2241322220726F773D22322220636F6C3D2231223E3C63656C6C2D7374796C6520666F6E742D73697A653D2231302220616C69676E3D2263656E746572222076616C69676E3D226D6964646C65223E3C6C6566742D626F726465722077696474683D223122207374796C653D22736F6C69642220636F6C6F723D22302C302C30222F3E3C72696768742D626F726465722077696474683D223122207374796C653D22736F6C69642220636F6C6F723D22302C302C30222F3E3C746F702D626F726465722077696474683D223122207374796C653D22736F6C69642220636F6C6F723D22302C302C30222F3E3C626F74746F6D2D626F726465722077696474683D223122207374796C653D22736F6C69642220636F6C6F723D22302C302C30222F3E3C2F63656C6C2D7374796C653E3C646174617365742D76616C756520646174617365742D6E616D653D22E794A8E688B7E58D95E8A1A8E69FA5E689BE22206167677265676174653D2267726F7570222070726F70657274793D22555345525F4E414D4522206F726465723D226E6F6E6522206D617070696E672D747970653D2273696D706C65223E3C2F646174617365742D76616C75653E3C2F63656C6C3E3C63656C6C20657870616E643D22446F776E22206E616D653D2242322220726F773D22322220636F6C3D2232223E3C63656C6C2D7374796C6520666F6E742D73697A653D2231302220616C69676E3D2263656E746572222076616C69676E3D226D6964646C65223E3C6C6566742D626F726465722077696474683D223122207374796C653D22736F6C69642220636F6C6F723D22302C302C30222F3E3C72696768742D626F726465722077696474683D223122207374796C653D22736F6C69642220636F6C6F723D22302C302C30222F3E3C746F702D626F726465722077696474683D223122207374796C653D22736F6C69642220636F6C6F723D22302C302C30222F3E3C626F74746F6D2D626F726465722077696474683D223122207374796C653D22736F6C69642220636F6C6F723D22302C302C30222F3E3C2F63656C6C2D7374796C653E3C646174617365742D76616C756520646174617365742D6E616D653D22E794A8E688B7E58D95E8A1A8E69FA5E689BE22206167677265676174653D2267726F7570222070726F70657274793D22555345525F50415353574F524422206F726465723D226E6F6E6522206D617070696E672D747970653D2273696D706C65223E3C2F646174617365742D76616C75653E3C2F63656C6C3E3C63656C6C20657870616E643D22446F776E22206E616D653D2243322220726F773D22322220636F6C3D2233223E3C63656C6C2D7374796C6520666F6E742D73697A653D2231302220616C69676E3D2263656E746572222076616C69676E3D226D6964646C65223E3C6C6566742D626F726465722077696474683D223122207374796C653D22736F6C69642220636F6C6F723D22302C302C30222F3E3C72696768742D626F726465722077696474683D223122207374796C653D22736F6C69642220636F6C6F723D22302C302C30222F3E3C746F702D626F726465722077696474683D223122207374796C653D22736F6C69642220636F6C6F723D22302C302C30222F3E3C626F74746F6D2D626F726465722077696474683D223122207374796C653D22736F6C69642220636F6C6F723D22302C302C30222F3E3C2F63656C6C2D7374796C653E3C646174617365742D76616C756520646174617365742D6E616D653D22E794A8E688B7E58D95E8A1A8E69FA5E689BE22206167677265676174653D2267726F7570222070726F70657274793D22555345525F50415353574F524422206F726465723D226E6F6E6522206D617070696E672D747970653D2273696D706C65223E3C2F646174617365742D76616C75653E3C2F63656C6C3E3C63656C6C20657870616E643D224E6F6E6522206E616D653D2244322220726F773D22322220636F6C3D2234223E3C63656C6C2D7374796C6520666F6E742D73697A653D2231302220616C69676E3D2263656E746572222076616C69676E3D226D6964646C65223E3C2F63656C6C2D7374796C653E3C73696D706C652D76616C75653E3C215B43444154415B5D5D3E3C2F73696D706C652D76616C75653E3C2F63656C6C3E3C63656C6C20657870616E643D224E6F6E6522206E616D653D2241332220726F773D22332220636F6C3D2231223E3C63656C6C2D7374796C6520666F6E742D73697A653D2231302220616C69676E3D2263656E746572222076616C69676E3D226D6964646C65223E3C2F63656C6C2D7374796C653E3C73696D706C652D76616C75653E3C215B43444154415B5D5D3E3C2F73696D706C652D76616C75653E3C2F63656C6C3E3C63656C6C20657870616E643D224E6F6E6522206E616D653D2242332220726F773D22332220636F6C3D2232223E3C63656C6C2D7374796C6520666F6E742D73697A653D2231302220616C69676E3D2263656E746572222076616C69676E3D226D6964646C65223E3C2F63656C6C2D7374796C653E3C73696D706C652D76616C75653E3C215B43444154415B5D5D3E3C2F73696D706C652D76616C75653E3C2F63656C6C3E3C63656C6C20657870616E643D224E6F6E6522206E616D653D2243332220726F773D22332220636F6C3D2233223E3C63656C6C2D7374796C6520666F6E742D73697A653D2231302220616C69676E3D2263656E746572222076616C69676E3D226D6964646C65223E3C2F63656C6C2D7374796C653E3C73696D706C652D76616C75653E3C215B43444154415B5D5D3E3C2F73696D706C652D76616C75653E3C2F63656C6C3E3C63656C6C20657870616E643D224E6F6E6522206E616D653D2244332220726F773D22332220636F6C3D2234223E3C63656C6C2D7374796C6520666F6E742D73697A653D2231302220616C69676E3D2263656E746572222076616C69676E3D226D6964646C65223E3C2F63656C6C2D7374796C653E3C73696D706C652D76616C75653E3C215B43444154415B5D5D3E3C2F73696D706C652D76616C75653E3C2F63656C6C3E3C726F7720726F772D6E756D6265723D223122206865696768743D223138222F3E3C726F7720726F772D6E756D6265723D223222206865696768743D223138222F3E3C726F7720726F772D6E756D6265723D223322206865696768743D223138222F3E3C636F6C756D6E20636F6C2D6E756D6265723D2231222077696474683D223830222F3E3C636F6C756D6E20636F6C2D6E756D6265723D2232222077696474683D223830222F3E3C636F6C756D6E20636F6C2D6E756D6265723D2233222077696474683D223830222F3E3C636F6C756D6E20636F6C2D6E756D6265723D2234222077696474683D223830222F3E3C64617461736F75726365206E616D653D22E69CBAE69E84E9A696E98089E695B0E68DAEE6BA902220747970653D226275696C64696E223E3C64617461736574206E616D653D22E794A8E688B7E58D95E8A1A8E69FA5E689BE2220747970653D2273716C223E3C73716C3E3C215B43444154415B73656C656374202A2066726F6D2055534552535D5D3E3C2F73716C3E3C6669656C64206E616D653D22555345525F4944222F3E3C6669656C64206E616D653D22555345525F4E414D45222F3E3C6669656C64206E616D653D22555345525F50415353574F5244222F3E3C6669656C64206E616D653D22555345525F4C494D495453222F3E3C2F646174617365743E3C2F64617461736F757263653E3C706170657220747970653D22413422206C6566742D6D617267696E3D223930222072696768742D6D617267696E3D223930220A20202020746F702D6D617267696E3D2237322220626F74746F6D2D6D617267696E3D2237322220706167696E672D6D6F64653D22666974706167652220666978726F77733D2230220A2020202077696474683D2235393522206865696768743D2238343222206F7269656E746174696F6E3D22706F727472616974222068746D6C2D7265706F72742D616C69676E3D226C656674222062672D696D6167653D22222068746D6C2D696E74657276616C2D726566726573682D76616C75653D22302220636F6C756D6E2D656E61626C65643D2266616C7365223E3C2F70617065723E3C2F757265706F72743E, 'c6ac4ae7db204c3ba22a413d626b4d5f', '1e8a91661f944dbb95498b9ec7c7bbad', '当前报表尚未有详细介绍', '2019-04-09 03:46:14', '2019-04-09 03:46:14', '0', '0');
INSERT INTO `ureport_file` VALUES ('70940549fca24dee89e5d5793c8f37ec', 'test.ureport.xml', 0x3C3F786D6C2076657273696F6E3D22312E302220656E636F64696E673D225554462D38223F3E3C757265706F72743E3C63656C6C20657870616E643D224E6F6E6522206E616D653D2241312220726F773D22312220636F6C3D2231223E3C63656C6C2D7374796C6520666F6E742D73697A653D2231302220616C69676E3D2263656E746572222076616C69676E3D226D6964646C65223E3C2F63656C6C2D7374796C653E3C73696D706C652D76616C75653E3C215B43444154415BE6B58BE8AF955D5D3E3C2F73696D706C652D76616C75653E3C2F63656C6C3E3C63656C6C20657870616E643D224E6F6E6522206E616D653D2242312220726F773D22312220636F6C3D2232223E3C63656C6C2D7374796C6520666F6E742D73697A653D2231302220616C69676E3D2263656E746572222076616C69676E3D226D6964646C65223E3C2F63656C6C2D7374796C653E3C73696D706C652D76616C75653E3C215B43444154415BE6B58BE8AF955D5D3E3C2F73696D706C652D76616C75653E3C2F63656C6C3E3C63656C6C20657870616E643D224E6F6E6522206E616D653D2243312220726F773D22312220636F6C3D2233223E3C63656C6C2D7374796C6520666F6E742D73697A653D2231302220616C69676E3D2263656E746572222076616C69676E3D226D6964646C65223E3C2F63656C6C2D7374796C653E3C73696D706C652D76616C75653E3C215B43444154415B5D5D3E3C2F73696D706C652D76616C75653E3C2F63656C6C3E3C63656C6C20657870616E643D224E6F6E6522206E616D653D2244312220726F773D22312220636F6C3D2234223E3C63656C6C2D7374796C6520666F6E742D73697A653D2231302220616C69676E3D2263656E746572222076616C69676E3D226D6964646C65223E3C2F63656C6C2D7374796C653E3C73696D706C652D76616C75653E3C215B43444154415B5D5D3E3C2F73696D706C652D76616C75653E3C2F63656C6C3E3C63656C6C20657870616E643D224E6F6E6522206E616D653D2241322220726F773D22322220636F6C3D2231223E3C63656C6C2D7374796C6520666F6E742D73697A653D2231302220616C69676E3D2263656E746572222076616C69676E3D226D6964646C65223E3C2F63656C6C2D7374796C653E3C73696D706C652D76616C75653E3C215B43444154415B5D5D3E3C2F73696D706C652D76616C75653E3C2F63656C6C3E3C63656C6C20657870616E643D224E6F6E6522206E616D653D2242322220726F773D22322220636F6C3D2232223E3C63656C6C2D7374796C6520666F6E742D73697A653D2231302220616C69676E3D2263656E746572222076616C69676E3D226D6964646C65223E3C2F63656C6C2D7374796C653E3C73696D706C652D76616C75653E3C215B43444154415B5D5D3E3C2F73696D706C652D76616C75653E3C2F63656C6C3E3C63656C6C20657870616E643D224E6F6E6522206E616D653D2243322220726F773D22322220636F6C3D2233223E3C63656C6C2D7374796C6520666F6E742D73697A653D2231302220616C69676E3D2263656E746572222076616C69676E3D226D6964646C65223E3C2F63656C6C2D7374796C653E3C73696D706C652D76616C75653E3C215B43444154415B5D5D3E3C2F73696D706C652D76616C75653E3C2F63656C6C3E3C63656C6C20657870616E643D224E6F6E6522206E616D653D2244322220726F773D22322220636F6C3D2234223E3C63656C6C2D7374796C6520666F6E742D73697A653D2231302220616C69676E3D2263656E746572222076616C69676E3D226D6964646C65223E3C2F63656C6C2D7374796C653E3C73696D706C652D76616C75653E3C215B43444154415B5D5D3E3C2F73696D706C652D76616C75653E3C2F63656C6C3E3C63656C6C20657870616E643D224E6F6E6522206E616D653D2241332220726F773D22332220636F6C3D2231223E3C63656C6C2D7374796C6520666F6E742D73697A653D2231302220616C69676E3D2263656E746572222076616C69676E3D226D6964646C65223E3C2F63656C6C2D7374796C653E3C73696D706C652D76616C75653E3C215B43444154415B5D5D3E3C2F73696D706C652D76616C75653E3C2F63656C6C3E3C63656C6C20657870616E643D224E6F6E6522206E616D653D2242332220726F773D22332220636F6C3D2232223E3C63656C6C2D7374796C6520666F6E742D73697A653D2231302220616C69676E3D2263656E746572222076616C69676E3D226D6964646C65223E3C2F63656C6C2D7374796C653E3C73696D706C652D76616C75653E3C215B43444154415B5D5D3E3C2F73696D706C652D76616C75653E3C2F63656C6C3E3C63656C6C20657870616E643D224E6F6E6522206E616D653D2243332220726F773D22332220636F6C3D2233223E3C63656C6C2D7374796C6520666F6E742D73697A653D2231302220616C69676E3D2263656E746572222076616C69676E3D226D6964646C65223E3C2F63656C6C2D7374796C653E3C73696D706C652D76616C75653E3C215B43444154415B5D5D3E3C2F73696D706C652D76616C75653E3C2F63656C6C3E3C63656C6C20657870616E643D224E6F6E6522206E616D653D2244332220726F773D22332220636F6C3D2234223E3C63656C6C2D7374796C6520666F6E742D73697A653D2231302220616C69676E3D2263656E746572222076616C69676E3D226D6964646C65223E3C2F63656C6C2D7374796C653E3C73696D706C652D76616C75653E3C215B43444154415B5D5D3E3C2F73696D706C652D76616C75653E3C2F63656C6C3E3C726F7720726F772D6E756D6265723D223122206865696768743D223138222F3E3C726F7720726F772D6E756D6265723D223222206865696768743D223138222F3E3C726F7720726F772D6E756D6265723D223322206865696768743D223138222F3E3C636F6C756D6E20636F6C2D6E756D6265723D2231222077696474683D223830222F3E3C636F6C756D6E20636F6C2D6E756D6265723D2232222077696474683D223830222F3E3C636F6C756D6E20636F6C2D6E756D6265723D2233222077696474683D223830222F3E3C636F6C756D6E20636F6C2D6E756D6265723D2234222077696474683D223830222F3E3C706170657220747970653D22413422206C6566742D6D617267696E3D223930222072696768742D6D617267696E3D223930220A20202020746F702D6D617267696E3D2237322220626F74746F6D2D6D617267696E3D2237322220706167696E672D6D6F64653D22666974706167652220666978726F77733D2230220A2020202077696474683D2235393522206865696768743D2238343222206F7269656E746174696F6E3D22706F727472616974222068746D6C2D7265706F72742D616C69676E3D226C656674222062672D696D6167653D22222068746D6C2D696E74657276616C2D726566726573682D76616C75653D22302220636F6C756D6E2D656E61626C65643D2266616C7365223E3C2F70617065723E3C2F757265706F72743E, '1', 'bb4d4110b078412697e6c4e8bb31a8e3', '当前报表尚未有详细介绍', '2019-03-10 09:02:42', '2019-03-10 22:34:57', '1', '1');
INSERT INTO `ureport_file` VALUES ('89f941654f3b43cfbb115729ff3213a6', '测试.ureport.xml', 0x3C3F786D6C2076657273696F6E3D22312E302220656E636F64696E673D225554462D38223F3E3C757265706F72743E3C63656C6C20657870616E643D224E6F6E6522206E616D653D2241312220726F773D22312220636F6C3D2231223E3C63656C6C2D7374796C6520666F6E742D73697A653D2231302220666F7265636F6C6F723D223234302C3137332C37382220616C69676E3D2263656E746572222076616C69676E3D226D6964646C65223E3C6C6566742D626F726465722077696474683D223122207374796C653D22736F6C69642220636F6C6F723D22302C302C30222F3E3C72696768742D626F726465722077696474683D223122207374796C653D22736F6C69642220636F6C6F723D22302C302C30222F3E3C746F702D626F726465722077696474683D223122207374796C653D22736F6C69642220636F6C6F723D22302C302C30222F3E3C626F74746F6D2D626F726465722077696474683D223122207374796C653D22736F6C69642220636F6C6F723D22302C302C30222F3E3C2F63656C6C2D7374796C653E3C73696D706C652D76616C75653E3C215B43444154415BE4B9A6E69CACE5908DE7A7B05D5D3E3C2F73696D706C652D76616C75653E3C2F63656C6C3E3C63656C6C20657870616E643D224E6F6E6522206E616D653D2242312220726F773D22312220636F6C3D2232223E3C63656C6C2D7374796C6520666F6E742D73697A653D2231302220666F7265636F6C6F723D223234302C3137332C37382220616C69676E3D2263656E746572222076616C69676E3D226D6964646C65223E3C6C6566742D626F726465722077696474683D223122207374796C653D22736F6C69642220636F6C6F723D22302C302C30222F3E3C72696768742D626F726465722077696474683D223122207374796C653D22736F6C69642220636F6C6F723D22302C302C30222F3E3C746F702D626F726465722077696474683D223122207374796C653D22736F6C69642220636F6C6F723D22302C302C30222F3E3C626F74746F6D2D626F726465722077696474683D223122207374796C653D22736F6C69642220636F6C6F723D22302C302C30222F3E3C2F63656C6C2D7374796C653E3C73696D706C652D76616C75653E3C215B43444154415BE4B9A6E69CACE4BBB7E6A0BC5D5D3E3C2F73696D706C652D76616C75653E3C2F63656C6C3E3C63656C6C20657870616E643D224E6F6E6522206E616D653D2243312220726F773D22312220636F6C3D2233223E3C63656C6C2D7374796C6520666F6E742D73697A653D2231302220616C69676E3D2263656E746572222076616C69676E3D226D6964646C65223E3C2F63656C6C2D7374796C653E3C73696D706C652D76616C75653E3C215B43444154415B5D5D3E3C2F73696D706C652D76616C75653E3C2F63656C6C3E3C63656C6C20657870616E643D224E6F6E6522206E616D653D2244312220726F773D22312220636F6C3D2234223E3C63656C6C2D7374796C6520666F6E742D73697A653D2231302220616C69676E3D2263656E746572222076616C69676E3D226D6964646C65223E3C2F63656C6C2D7374796C653E3C73696D706C652D76616C75653E3C215B43444154415B5D5D3E3C2F73696D706C652D76616C75653E3C2F63656C6C3E3C63656C6C20657870616E643D22446F776E22206E616D653D2241322220726F773D22322220636F6C3D2231223E3C63656C6C2D7374796C6520666F6E742D73697A653D2231302220616C69676E3D2263656E746572222076616C69676E3D226D6964646C65223E3C6C6566742D626F726465722077696474683D223122207374796C653D22736F6C69642220636F6C6F723D22302C302C30222F3E3C72696768742D626F726465722077696474683D223122207374796C653D22736F6C69642220636F6C6F723D22302C302C30222F3E3C746F702D626F726465722077696474683D223122207374796C653D22736F6C69642220636F6C6F723D22302C302C30222F3E3C626F74746F6D2D626F726465722077696474683D223122207374796C653D22736F6C69642220636F6C6F723D22302C302C30222F3E3C2F63656C6C2D7374796C653E3C646174617365742D76616C756520646174617365742D6E616D653D22E4B9A6E69CAC22206167677265676174653D2273656C656374222070726F70657274793D22424F4F4B5F4E414D4522206F726465723D226E6F6E6522206D617070696E672D747970653D2273696D706C65223E3C2F646174617365742D76616C75653E3C2F63656C6C3E3C63656C6C20657870616E643D22446F776E22206E616D653D2242322220726F773D22322220636F6C3D2232223E3C63656C6C2D7374796C6520666F6E742D73697A653D2231302220616C69676E3D2263656E746572222076616C69676E3D226D6964646C65223E3C6C6566742D626F726465722077696474683D223122207374796C653D22736F6C69642220636F6C6F723D22302C302C30222F3E3C72696768742D626F726465722077696474683D223122207374796C653D22736F6C69642220636F6C6F723D22302C302C30222F3E3C746F702D626F726465722077696474683D223122207374796C653D22736F6C69642220636F6C6F723D22302C302C30222F3E3C626F74746F6D2D626F726465722077696474683D223122207374796C653D22736F6C69642220636F6C6F723D22302C302C30222F3E3C2F63656C6C2D7374796C653E3C646174617365742D76616C756520646174617365742D6E616D653D22E4B9A6E69CAC22206167677265676174653D2273656C656374222070726F70657274793D22505249434522206F726465723D226E6F6E6522206D617070696E672D747970653D2273696D706C65223E3C2F646174617365742D76616C75653E3C2F63656C6C3E3C63656C6C20657870616E643D224E6F6E6522206E616D653D2243322220726F773D22322220636F6C3D2233223E3C63656C6C2D7374796C6520666F6E742D73697A653D2231302220616C69676E3D2263656E746572222076616C69676E3D226D6964646C65223E3C2F63656C6C2D7374796C653E3C73696D706C652D76616C75653E3C215B43444154415B5D5D3E3C2F73696D706C652D76616C75653E3C2F63656C6C3E3C63656C6C20657870616E643D224E6F6E6522206E616D653D2244322220726F773D22322220636F6C3D2234223E3C63656C6C2D7374796C6520666F6E742D73697A653D2231302220616C69676E3D2263656E746572222076616C69676E3D226D6964646C65223E3C2F63656C6C2D7374796C653E3C73696D706C652D76616C75653E3C215B43444154415B5D5D3E3C2F73696D706C652D76616C75653E3C2F63656C6C3E3C63656C6C20657870616E643D224E6F6E6522206E616D653D2241332220726F773D22332220636F6C3D2231223E3C63656C6C2D7374796C6520666F6E742D73697A653D2231302220616C69676E3D2263656E746572222076616C69676E3D226D6964646C65223E3C2F63656C6C2D7374796C653E3C73696D706C652D76616C75653E3C215B43444154415B5D5D3E3C2F73696D706C652D76616C75653E3C2F63656C6C3E3C63656C6C20657870616E643D224E6F6E6522206E616D653D2242332220726F773D22332220636F6C3D2232223E3C63656C6C2D7374796C6520666F6E742D73697A653D2231302220616C69676E3D2263656E746572222076616C69676E3D226D6964646C65223E3C2F63656C6C2D7374796C653E3C73696D706C652D76616C75653E3C215B43444154415B5D5D3E3C2F73696D706C652D76616C75653E3C2F63656C6C3E3C63656C6C20657870616E643D224E6F6E6522206E616D653D2243332220726F773D22332220636F6C3D2233223E3C63656C6C2D7374796C6520666F6E742D73697A653D2231302220616C69676E3D2263656E746572222076616C69676E3D226D6964646C65223E3C2F63656C6C2D7374796C653E3C73696D706C652D76616C75653E3C215B43444154415B5D5D3E3C2F73696D706C652D76616C75653E3C2F63656C6C3E3C63656C6C20657870616E643D224E6F6E6522206E616D653D2244332220726F773D22332220636F6C3D2234223E3C63656C6C2D7374796C6520666F6E742D73697A653D2231302220616C69676E3D2263656E746572222076616C69676E3D226D6964646C65223E3C2F63656C6C2D7374796C653E3C73696D706C652D76616C75653E3C215B43444154415B5D5D3E3C2F73696D706C652D76616C75653E3C2F63656C6C3E3C726F7720726F772D6E756D6265723D223122206865696768743D223138222F3E3C726F7720726F772D6E756D6265723D223222206865696768743D223138222F3E3C726F7720726F772D6E756D6265723D223322206865696768743D223138222F3E3C636F6C756D6E20636F6C2D6E756D6265723D2231222077696474683D223830222F3E3C636F6C756D6E20636F6C2D6E756D6265723D2232222077696474683D223830222F3E3C636F6C756D6E20636F6C2D6E756D6265723D2233222077696474683D223830222F3E3C636F6C756D6E20636F6C2D6E756D6265723D2234222077696474683D223830222F3E3C64617461736F75726365206E616D653D22E69CBAE69E84E9A696E98089E695B0E68DAEE6BA902220747970653D226275696C64696E223E3C64617461736574206E616D653D22E4B9A6E69CAC2220747970653D2273716C223E3C73716C3E3C215B43444154415B73656C656374202A2066726F6D20424F4F4B535D5D3E3C2F73716C3E3C6669656C64206E616D653D22424F4F4B5F4944222F3E3C6669656C64206E616D653D22424152434F4445222F3E3C6669656C64206E616D653D224953424E222F3E3C6669656C64206E616D653D2243414C4C4E4F222F3E3C6669656C64206E616D653D22424F4F4B5F4E414D45222F3E3C6669656C64206E616D653D22434C4153534946595F4E554D222F3E3C6669656C64206E616D653D22415245415F4E554D222F3E3C6669656C64206E616D653D22415554484F52222F3E3C6669656C64206E616D653D225452414E534C41544F52222F3E3C6669656C64206E616D653D225055424C4953485F44415445222F3E3C6669656C64206E616D653D225052455353222F3E3C6669656C64206E616D653D225052494345222F3E3C6669656C64206E616D653D22464F524D4154222F3E3C6669656C64206E616D653D22454E5452595F44415445222F3E3C6669656C64206E616D653D225055545F4F4E5F44415445222F3E3C6669656C64206E616D653D2241425354524143545F4445534352222F3E3C6669656C64206E616D653D2250524F504F53414C5F524541444552222F3E3C6669656C64206E616D653D22424F52524F575F464C4147222F3E3C6669656C64206E616D653D225055545F4F4E5F464C4147222F3E3C6669656C64206E616D653D2244454C4554455F464C4147222F3E3C2F646174617365743E3C2F64617461736F757263653E3C706170657220747970653D22413422206C6566742D6D617267696E3D223930222072696768742D6D617267696E3D223930220A20202020746F702D6D617267696E3D2237322220626F74746F6D2D6D617267696E3D2237322220706167696E672D6D6F64653D22666974706167652220666978726F77733D2230220A2020202077696474683D2235393522206865696768743D2238343222206F7269656E746174696F6E3D22706F727472616974222068746D6C2D7265706F72742D616C69676E3D226C656674222062672D696D6167653D22222068746D6C2D696E74657276616C2D726566726573682D76616C75653D22302220636F6C756D6E2D656E61626C65643D2266616C7365223E3C2F70617065723E3C2F757265706F72743E, 'c6ac4ae7db204c3ba22a413d626b4d5f', '1e8a91661f944dbb95498b9ec7c7bbad', '当前报表尚未有详细介绍', '2019-05-14 21:19:04', '2019-05-14 21:19:04', '0', '0');
INSERT INTO `ureport_file` VALUES ('e1e8e116c19f4337ad3bb372b5ee6674', '测试1.ureport.xml', 0x3C3F786D6C2076657273696F6E3D22312E302220656E636F64696E673D225554462D38223F3E3C757265706F72743E3C63656C6C20657870616E643D22446F776E22206E616D653D2241312220726F773D22312220636F6C3D2231223E3C63656C6C2D7374796C6520666F6E742D73697A653D2231302220616C69676E3D2263656E746572222076616C69676E3D226D6964646C65223E3C6C6566742D626F726465722077696474683D223122207374796C653D22736F6C69642220636F6C6F723D22302C302C30222F3E3C72696768742D626F726465722077696474683D223122207374796C653D22736F6C69642220636F6C6F723D22302C302C30222F3E3C746F702D626F726465722077696474683D223122207374796C653D22736F6C69642220636F6C6F723D22302C302C30222F3E3C626F74746F6D2D626F726465722077696474683D223122207374796C653D22736F6C69642220636F6C6F723D22302C302C30222F3E3C2F63656C6C2D7374796C653E3C646174617365742D76616C756520646174617365742D6E616D653D22E8818CE59198E4BFA1E681AF22206167677265676174653D2267726F7570222070726F70657274793D22646570745F6E616D6522206F726465723D226E6F6E6522206D617070696E672D747970653D2273696D706C65223E3C2F646174617365742D76616C75653E3C2F63656C6C3E3C63656C6C20657870616E643D22446F776E22206E616D653D2242312220726F773D22312220636F6C3D2232223E3C63656C6C2D7374796C6520666F6E742D73697A653D2231302220616C69676E3D2263656E746572222076616C69676E3D226D6964646C65223E3C6C6566742D626F726465722077696474683D223122207374796C653D22736F6C69642220636F6C6F723D22302C302C30222F3E3C72696768742D626F726465722077696474683D223122207374796C653D22736F6C69642220636F6C6F723D22302C302C30222F3E3C746F702D626F726465722077696474683D223122207374796C653D22736F6C69642220636F6C6F723D22302C302C30222F3E3C626F74746F6D2D626F726465722077696474683D223122207374796C653D22736F6C69642220636F6C6F723D22302C302C30222F3E3C2F63656C6C2D7374796C653E3C646174617365742D76616C756520646174617365742D6E616D653D22E8818CE59198E4BFA1E681AF22206167677265676174653D2267726F7570222070726F70657274793D226A6F625F6E616D6522206F726465723D226E6F6E6522206D617070696E672D747970653D2273696D706C65223E3C2F646174617365742D76616C75653E3C2F63656C6C3E3C63656C6C20657870616E643D22446F776E22206E616D653D2243312220726F773D22312220636F6C3D2233223E3C63656C6C2D7374796C6520666F6E742D73697A653D2231302220616C69676E3D2263656E746572222076616C69676E3D226D6964646C65223E3C6C6566742D626F726465722077696474683D223122207374796C653D22736F6C69642220636F6C6F723D22302C302C30222F3E3C72696768742D626F726465722077696474683D223122207374796C653D22736F6C69642220636F6C6F723D22302C302C30222F3E3C746F702D626F726465722077696474683D223122207374796C653D22736F6C69642220636F6C6F723D22302C302C30222F3E3C626F74746F6D2D626F726465722077696474683D223122207374796C653D22736F6C69642220636F6C6F723D22302C302C30222F3E3C2F63656C6C2D7374796C653E3C646174617365742D76616C756520646174617365742D6E616D653D22E8818CE59198E4BFA1E681AF22206167677265676174653D2267726F7570222070726F70657274793D22656D706C6F7965655F6E616D6522206F726465723D226E6F6E6522206D617070696E672D747970653D2273696D706C65223E3C2F646174617365742D76616C75653E3C2F63656C6C3E3C63656C6C20657870616E643D22446F776E22206E616D653D2244312220726F773D22312220636F6C3D2234223E3C63656C6C2D7374796C6520666F6E742D73697A653D2231302220616C69676E3D2263656E746572222076616C69676E3D226D6964646C65223E3C6C6566742D626F726465722077696474683D223122207374796C653D22736F6C69642220636F6C6F723D22302C302C30222F3E3C72696768742D626F726465722077696474683D223122207374796C653D22736F6C69642220636F6C6F723D22302C302C30222F3E3C746F702D626F726465722077696474683D223122207374796C653D22736F6C69642220636F6C6F723D22302C302C30222F3E3C626F74746F6D2D626F726465722077696474683D223122207374796C653D22736F6C69642220636F6C6F723D22302C302C30222F3E3C2F63656C6C2D7374796C653E3C646174617365742D76616C756520646174617365742D6E616D653D22E8818CE59198E4BFA1E681AF22206167677265676174653D2267726F7570222070726F70657274793D2273616C61727922206F726465723D226E6F6E6522206D617070696E672D747970653D2273696D706C65223E3C2F646174617365742D76616C75653E3C2F63656C6C3E3C63656C6C20657870616E643D224E6F6E6522206E616D653D2241322220726F773D22322220636F6C3D2231223E3C63656C6C2D7374796C6520666F6E742D73697A653D2231302220616C69676E3D2263656E746572222076616C69676E3D226D6964646C65223E3C6C6566742D626F726465722077696474683D223122207374796C653D22736F6C69642220636F6C6F723D22302C302C30222F3E3C72696768742D626F726465722077696474683D223122207374796C653D22736F6C69642220636F6C6F723D22302C302C30222F3E3C746F702D626F726465722077696474683D223122207374796C653D22736F6C69642220636F6C6F723D22302C302C30222F3E3C626F74746F6D2D626F726465722077696474683D223122207374796C653D22736F6C69642220636F6C6F723D22302C302C30222F3E3C2F63656C6C2D7374796C653E3C73696D706C652D76616C75653E3C215B43444154415B5D5D3E3C2F73696D706C652D76616C75653E3C2F63656C6C3E3C63656C6C20657870616E643D224E6F6E6522206E616D653D2242322220726F773D22322220636F6C3D2232223E3C63656C6C2D7374796C6520666F6E742D73697A653D2231302220616C69676E3D2263656E746572222076616C69676E3D226D6964646C65223E3C6C6566742D626F726465722077696474683D223122207374796C653D22736F6C69642220636F6C6F723D22302C302C30222F3E3C72696768742D626F726465722077696474683D223122207374796C653D22736F6C69642220636F6C6F723D22302C302C30222F3E3C746F702D626F726465722077696474683D223122207374796C653D22736F6C69642220636F6C6F723D22302C302C30222F3E3C626F74746F6D2D626F726465722077696474683D223122207374796C653D22736F6C69642220636F6C6F723D22302C302C30222F3E3C2F63656C6C2D7374796C653E3C73696D706C652D76616C75653E3C215B43444154415B5D5D3E3C2F73696D706C652D76616C75653E3C2F63656C6C3E3C63656C6C20657870616E643D224E6F6E6522206E616D653D2243322220726F773D22322220636F6C3D2233223E3C63656C6C2D7374796C6520666F6E742D73697A653D2231302220616C69676E3D2263656E746572222076616C69676E3D226D6964646C65223E3C6C6566742D626F726465722077696474683D223122207374796C653D22736F6C69642220636F6C6F723D22302C302C30222F3E3C72696768742D626F726465722077696474683D223122207374796C653D22736F6C69642220636F6C6F723D22302C302C30222F3E3C746F702D626F726465722077696474683D223122207374796C653D22736F6C69642220636F6C6F723D22302C302C30222F3E3C626F74746F6D2D626F726465722077696474683D223122207374796C653D22736F6C69642220636F6C6F723D22302C302C30222F3E3C2F63656C6C2D7374796C653E3C73696D706C652D76616C75653E3C215B43444154415B5D5D3E3C2F73696D706C652D76616C75653E3C2F63656C6C3E3C63656C6C20657870616E643D224E6F6E6522206E616D653D2244322220726F773D22322220636F6C3D223422206C6566742D63656C6C3D2241312220746F702D63656C6C3D22726F6F74223E3C63656C6C2D7374796C6520666F6E742D73697A653D22313022206267636F6C6F723D223234302C3137332C37382220666F726D61743D22EFBFA523232C2323232E23232220616C69676E3D2263656E746572222076616C69676E3D226D6964646C65223E3C6C6566742D626F726465722077696474683D223122207374796C653D22736F6C69642220636F6C6F723D22302C302C30222F3E3C72696768742D626F726465722077696474683D223122207374796C653D22736F6C69642220636F6C6F723D22302C302C30222F3E3C746F702D626F726465722077696474683D223122207374796C653D22736F6C69642220636F6C6F723D22302C302C30222F3E3C626F74746F6D2D626F726465722077696474683D223122207374796C653D22736F6C69642220636F6C6F723D22302C302C30222F3E3C2F63656C6C2D7374796C653E3C65787072657373696F6E2D76616C75653E3C215B43444154415B73756D284431295D5D3E3C2F65787072657373696F6E2D76616C75653E3C2F63656C6C3E3C63656C6C20657870616E643D224E6F6E6522206E616D653D2241332220726F773D22332220636F6C3D2231223E3C63656C6C2D7374796C6520666F6E742D73697A653D2231302220616C69676E3D2263656E746572222076616C69676E3D226D6964646C65223E3C2F63656C6C2D7374796C653E3C73696D706C652D76616C75653E3C215B43444154415B5D5D3E3C2F73696D706C652D76616C75653E3C2F63656C6C3E3C63656C6C20657870616E643D224E6F6E6522206E616D653D2242332220726F773D22332220636F6C3D2232223E3C63656C6C2D7374796C6520666F6E742D73697A653D2231302220616C69676E3D2263656E746572222076616C69676E3D226D6964646C65223E3C2F63656C6C2D7374796C653E3C73696D706C652D76616C75653E3C215B43444154415B5D5D3E3C2F73696D706C652D76616C75653E3C2F63656C6C3E3C63656C6C20657870616E643D224E6F6E6522206E616D653D2243332220726F773D22332220636F6C3D2233223E3C63656C6C2D7374796C6520666F6E742D73697A653D2231302220616C69676E3D2263656E746572222076616C69676E3D226D6964646C65223E3C2F63656C6C2D7374796C653E3C73696D706C652D76616C75653E3C215B43444154415B5D5D3E3C2F73696D706C652D76616C75653E3C2F63656C6C3E3C63656C6C20657870616E643D224E6F6E6522206E616D653D2244332220726F773D22332220636F6C3D2234223E3C63656C6C2D7374796C6520666F6E742D73697A653D2231302220616C69676E3D2263656E746572222076616C69676E3D226D6964646C65223E3C2F63656C6C2D7374796C653E3C73696D706C652D76616C75653E3C215B43444154415B5D5D3E3C2F73696D706C652D76616C75653E3C2F63656C6C3E3C726F7720726F772D6E756D6265723D223122206865696768743D223138222F3E3C726F7720726F772D6E756D6265723D223222206865696768743D223138222F3E3C726F7720726F772D6E756D6265723D223322206865696768743D223138222F3E3C636F6C756D6E20636F6C2D6E756D6265723D2231222077696474683D22313736222F3E3C636F6C756D6E20636F6C2D6E756D6265723D2232222077696474683D22313631222F3E3C636F6C756D6E20636F6C2D6E756D6265723D2233222077696474683D22313136222F3E3C636F6C756D6E20636F6C2D6E756D6265723D2234222077696474683D223830222F3E3C64617461736F75726365206E616D653D22E5B9B3E58FB0E6B58BE8AF95E58685E7BDAEE695B0E68DAEE6BA902220747970653D226275696C64696E223E3C64617461736574206E616D653D22E8818CE59198E4BFA1E681AF2220747970653D2273716C223E3C73716C3E3C215B43444154415B73656C656374202A2066726F6D20656D706C6F796565205D5D3E3C2F73716C3E3C6669656C64206E616D653D22656D706C6F7965655F6964222F3E3C6669656C64206E616D653D22656D706C6F7965655F6E616D65222F3E3C6669656C64206E616D653D22646570745F6E616D65222F3E3C6669656C64206E616D653D226A6F625F6E616D65222F3E3C6669656C64206E616D653D22736578222F3E3C6669656C64206E616D653D226269727468646179222F3E3C6669656C64206E616D653D226D617272696564222F3E3C6669656C64206E616D653D2273616C617279222F3E3C6669656C64206E616D653D22646567726565222F3E3C6669656C64206E616D653D22656D61696C222F3E3C6669656C64206E616D653D2261646472657373222F3E3C2F646174617365743E3C2F64617461736F757263653E3C706170657220747970653D22413422206C6566742D6D617267696E3D223930222072696768742D6D617267696E3D223930220A20202020746F702D6D617267696E3D2237322220626F74746F6D2D6D617267696E3D2237322220706167696E672D6D6F64653D22666974706167652220666978726F77733D2230220A2020202077696474683D2235393522206865696768743D2238343222206F7269656E746174696F6E3D22706F727472616974222068746D6C2D7265706F72742D616C69676E3D226C656674222062672D696D6167653D22222068746D6C2D696E74657276616C2D726566726573682D76616C75653D22302220636F6C756D6E2D656E61626C65643D2266616C7365223E3C2F70617065723E3C2F757265706F72743E, '1', 'bb4d4110b078412697e6c4e8bb31a8e3', '当前报表尚未有详细介绍', '2019-03-14 08:52:37', '2019-03-14 08:52:58', '0', '0');
INSERT INTO `ureport_file` VALUES ('e70fd31a83d94a6a962bc50de0d4110b', '测试1.ureport.xml', 0x3C3F786D6C2076657273696F6E3D22312E302220656E636F64696E673D225554462D38223F3E3C757265706F72743E3C63656C6C20657870616E643D224E6F6E6522206E616D653D2241312220726F773D22312220636F6C3D2231223E3C63656C6C2D7374796C6520666F6E742D73697A653D2231302220666F7265636F6C6F723D2239312C3139322C3232322220616C69676E3D2263656E746572222076616C69676E3D226D6964646C65223E3C6C6566742D626F726465722077696474683D223122207374796C653D22736F6C69642220636F6C6F723D22302C302C30222F3E3C72696768742D626F726465722077696474683D223122207374796C653D22736F6C69642220636F6C6F723D22302C302C30222F3E3C746F702D626F726465722077696474683D223122207374796C653D22736F6C69642220636F6C6F723D22302C302C30222F3E3C626F74746F6D2D626F726465722077696474683D223122207374796C653D22736F6C69642220636F6C6F723D22302C302C30222F3E3C2F63656C6C2D7374796C653E3C73696D706C652D76616C75653E3C215B43444154415BE5908DE7A7B05D5D3E3C2F73696D706C652D76616C75653E3C2F63656C6C3E3C63656C6C20657870616E643D224E6F6E6522206E616D653D2242312220726F773D22312220636F6C3D2232223E3C63656C6C2D7374796C6520666F6E742D73697A653D2231302220666F7265636F6C6F723D2239312C3139322C3232322220616C69676E3D2263656E746572222076616C69676E3D226D6964646C65223E3C6C6566742D626F726465722077696474683D223122207374796C653D22736F6C69642220636F6C6F723D22302C302C30222F3E3C72696768742D626F726465722077696474683D223122207374796C653D22736F6C69642220636F6C6F723D22302C302C30222F3E3C746F702D626F726465722077696474683D223122207374796C653D22736F6C69642220636F6C6F723D22302C302C30222F3E3C626F74746F6D2D626F726465722077696474683D223122207374796C653D22736F6C69642220636F6C6F723D22302C302C30222F3E3C2F63656C6C2D7374796C653E3C73696D706C652D76616C75653E3C215B43444154415BE4BBB7E6A0BC5D5D3E3C2F73696D706C652D76616C75653E3C2F63656C6C3E3C63656C6C20657870616E643D224E6F6E6522206E616D653D2243312220726F773D22312220636F6C3D2233223E3C63656C6C2D7374796C6520666F6E742D73697A653D2231302220616C69676E3D2263656E746572222076616C69676E3D226D6964646C65223E3C2F63656C6C2D7374796C653E3C73696D706C652D76616C75653E3C215B43444154415B5D5D3E3C2F73696D706C652D76616C75653E3C2F63656C6C3E3C63656C6C20657870616E643D224E6F6E6522206E616D653D2244312220726F773D22312220636F6C3D2234223E3C63656C6C2D7374796C6520666F6E742D73697A653D2231302220616C69676E3D2263656E746572222076616C69676E3D226D6964646C65223E3C2F63656C6C2D7374796C653E3C73696D706C652D76616C75653E3C215B43444154415B5D5D3E3C2F73696D706C652D76616C75653E3C2F63656C6C3E3C63656C6C20657870616E643D22446F776E22206E616D653D2241322220726F773D22322220636F6C3D2231223E3C63656C6C2D7374796C6520666F6E742D73697A653D2231302220616C69676E3D2263656E746572222076616C69676E3D226D6964646C65223E3C6C6566742D626F726465722077696474683D223122207374796C653D22736F6C69642220636F6C6F723D22302C302C30222F3E3C72696768742D626F726465722077696474683D223122207374796C653D22736F6C69642220636F6C6F723D22302C302C30222F3E3C746F702D626F726465722077696474683D223122207374796C653D22736F6C69642220636F6C6F723D22302C302C30222F3E3C626F74746F6D2D626F726465722077696474683D223122207374796C653D22736F6C69642220636F6C6F723D22302C302C30222F3E3C2F63656C6C2D7374796C653E3C646174617365742D76616C756520646174617365742D6E616D653D22E4B9A6E69CAC22206167677265676174653D2273656C656374222070726F70657274793D22424F4F4B5F4E414D4522206F726465723D226E6F6E6522206D617070696E672D747970653D2273696D706C65223E3C2F646174617365742D76616C75653E3C2F63656C6C3E3C63656C6C20657870616E643D22446F776E22206E616D653D2242322220726F773D22322220636F6C3D2232223E3C63656C6C2D7374796C6520666F6E742D73697A653D2231302220616C69676E3D2263656E746572222076616C69676E3D226D6964646C65223E3C6C6566742D626F726465722077696474683D223122207374796C653D22736F6C69642220636F6C6F723D22302C302C30222F3E3C72696768742D626F726465722077696474683D223122207374796C653D22736F6C69642220636F6C6F723D22302C302C30222F3E3C746F702D626F726465722077696474683D223122207374796C653D22736F6C69642220636F6C6F723D22302C302C30222F3E3C626F74746F6D2D626F726465722077696474683D223122207374796C653D22736F6C69642220636F6C6F723D22302C302C30222F3E3C2F63656C6C2D7374796C653E3C646174617365742D76616C756520646174617365742D6E616D653D22E4B9A6E69CAC22206167677265676174653D2273656C656374222070726F70657274793D22505249434522206F726465723D226E6F6E6522206D617070696E672D747970653D2273696D706C65223E3C2F646174617365742D76616C75653E3C2F63656C6C3E3C63656C6C20657870616E643D224E6F6E6522206E616D653D2243322220726F773D22322220636F6C3D2233223E3C63656C6C2D7374796C6520666F6E742D73697A653D2231302220616C69676E3D2263656E746572222076616C69676E3D226D6964646C65223E3C2F63656C6C2D7374796C653E3C73696D706C652D76616C75653E3C215B43444154415B5D5D3E3C2F73696D706C652D76616C75653E3C2F63656C6C3E3C63656C6C20657870616E643D224E6F6E6522206E616D653D2244322220726F773D22322220636F6C3D2234223E3C63656C6C2D7374796C6520666F6E742D73697A653D2231302220616C69676E3D2263656E746572222076616C69676E3D226D6964646C65223E3C2F63656C6C2D7374796C653E3C73696D706C652D76616C75653E3C215B43444154415B5D5D3E3C2F73696D706C652D76616C75653E3C2F63656C6C3E3C63656C6C20657870616E643D224E6F6E6522206E616D653D2241332220726F773D22332220636F6C3D2231223E3C63656C6C2D7374796C6520666F6E742D73697A653D2231302220616C69676E3D2263656E746572222076616C69676E3D226D6964646C65223E3C2F63656C6C2D7374796C653E3C73696D706C652D76616C75653E3C215B43444154415B5D5D3E3C2F73696D706C652D76616C75653E3C2F63656C6C3E3C63656C6C20657870616E643D224E6F6E6522206E616D653D2242332220726F773D22332220636F6C3D2232223E3C63656C6C2D7374796C6520666F6E742D73697A653D2231302220616C69676E3D2263656E746572222076616C69676E3D226D6964646C65223E3C2F63656C6C2D7374796C653E3C73696D706C652D76616C75653E3C215B43444154415B5D5D3E3C2F73696D706C652D76616C75653E3C2F63656C6C3E3C63656C6C20657870616E643D224E6F6E6522206E616D653D2243332220726F773D22332220636F6C3D2233223E3C63656C6C2D7374796C6520666F6E742D73697A653D2231302220616C69676E3D2263656E746572222076616C69676E3D226D6964646C65223E3C2F63656C6C2D7374796C653E3C73696D706C652D76616C75653E3C215B43444154415B5D5D3E3C2F73696D706C652D76616C75653E3C2F63656C6C3E3C63656C6C20657870616E643D224E6F6E6522206E616D653D2244332220726F773D22332220636F6C3D2234223E3C63656C6C2D7374796C6520666F6E742D73697A653D2231302220616C69676E3D2263656E746572222076616C69676E3D226D6964646C65223E3C2F63656C6C2D7374796C653E3C73696D706C652D76616C75653E3C215B43444154415B5D5D3E3C2F73696D706C652D76616C75653E3C2F63656C6C3E3C726F7720726F772D6E756D6265723D223122206865696768743D223138222F3E3C726F7720726F772D6E756D6265723D223222206865696768743D223138222F3E3C726F7720726F772D6E756D6265723D223322206865696768743D223138222F3E3C636F6C756D6E20636F6C2D6E756D6265723D2231222077696474683D223830222F3E3C636F6C756D6E20636F6C2D6E756D6265723D2232222077696474683D223830222F3E3C636F6C756D6E20636F6C2D6E756D6265723D2233222077696474683D223830222F3E3C636F6C756D6E20636F6C2D6E756D6265723D2234222077696474683D223830222F3E3C64617461736F75726365206E616D653D22E69CBAE69E84E9A696E98089E695B0E68DAEE6BA902220747970653D226275696C64696E223E3C64617461736574206E616D653D22E4B9A6E69CAC2220747970653D2273716C223E3C73716C3E3C215B43444154415B73656C656374202A2066726F6D20424F4F4B535D5D3E3C2F73716C3E3C6669656C64206E616D653D22424F4F4B5F4944222F3E3C6669656C64206E616D653D22424152434F4445222F3E3C6669656C64206E616D653D224953424E222F3E3C6669656C64206E616D653D2243414C4C4E4F222F3E3C6669656C64206E616D653D22424F4F4B5F4E414D45222F3E3C6669656C64206E616D653D22434C4153534946595F4E554D222F3E3C6669656C64206E616D653D22415245415F4E554D222F3E3C6669656C64206E616D653D22415554484F52222F3E3C6669656C64206E616D653D225452414E534C41544F52222F3E3C6669656C64206E616D653D225055424C4953485F44415445222F3E3C6669656C64206E616D653D225052455353222F3E3C6669656C64206E616D653D225052494345222F3E3C6669656C64206E616D653D22464F524D4154222F3E3C6669656C64206E616D653D22454E5452595F44415445222F3E3C6669656C64206E616D653D225055545F4F4E5F44415445222F3E3C6669656C64206E616D653D2241425354524143545F4445534352222F3E3C6669656C64206E616D653D2250524F504F53414C5F524541444552222F3E3C6669656C64206E616D653D22424F52524F575F464C4147222F3E3C6669656C64206E616D653D225055545F4F4E5F464C4147222F3E3C6669656C64206E616D653D2244454C4554455F464C4147222F3E3C2F646174617365743E3C2F64617461736F757263653E3C706170657220747970653D22413422206C6566742D6D617267696E3D223930222072696768742D6D617267696E3D223930220A20202020746F702D6D617267696E3D2237322220626F74746F6D2D6D617267696E3D2237322220706167696E672D6D6F64653D22666974706167652220666978726F77733D2230220A2020202077696474683D2235393522206865696768743D2238343222206F7269656E746174696F6E3D22706F727472616974222068746D6C2D7265706F72742D616C69676E3D226C656674222062672D696D6167653D22222068746D6C2D696E74657276616C2D726566726573682D76616C75653D22302220636F6C756D6E2D656E61626C65643D2266616C7365223E3C2F70617065723E3C2F757265706F72743E, 'c6ac4ae7db204c3ba22a413d626b4d5f', '1e8a91661f944dbb95498b9ec7c7bbad', '当前报表尚未有详细介绍', '2019-05-15 09:13:48', '2019-05-15 09:13:48', '0', '0');
INSERT INTO `ureport_file` VALUES ('ed93f3d1af9c4f5a9ac382f9e5767d8d', '职员信息.ureport.xml', 0x3C3F786D6C2076657273696F6E3D22312E302220656E636F64696E673D225554462D38223F3E3C757265706F72743E3C63656C6C20657870616E643D22446F776E22206E616D653D2241312220726F773D22312220636F6C3D2231223E3C63656C6C2D7374796C6520666F6E742D73697A653D2231302220616C69676E3D2263656E746572222076616C69676E3D226D6964646C65223E3C6C6566742D626F726465722077696474683D223122207374796C653D22736F6C69642220636F6C6F723D22302C302C30222F3E3C72696768742D626F726465722077696474683D223122207374796C653D22736F6C69642220636F6C6F723D22302C302C30222F3E3C746F702D626F726465722077696474683D223122207374796C653D22736F6C69642220636F6C6F723D22302C302C30222F3E3C626F74746F6D2D626F726465722077696474683D223122207374796C653D22736F6C69642220636F6C6F723D22302C302C30222F3E3C2F63656C6C2D7374796C653E3C646174617365742D76616C756520646174617365742D6E616D653D22E8818CE59198E4BFA1E681AF22206167677265676174653D2267726F7570222070726F70657274793D22646570745F6E616D6522206F726465723D226E6F6E6522206D617070696E672D747970653D2273696D706C65223E3C2F646174617365742D76616C75653E3C2F63656C6C3E3C63656C6C20657870616E643D22446F776E22206E616D653D2242312220726F773D22312220636F6C3D2232223E3C63656C6C2D7374796C6520666F6E742D73697A653D2231302220616C69676E3D2263656E746572222076616C69676E3D226D6964646C65223E3C6C6566742D626F726465722077696474683D223122207374796C653D22736F6C69642220636F6C6F723D22302C302C30222F3E3C72696768742D626F726465722077696474683D223122207374796C653D22736F6C69642220636F6C6F723D22302C302C30222F3E3C746F702D626F726465722077696474683D223122207374796C653D22736F6C69642220636F6C6F723D22302C302C30222F3E3C626F74746F6D2D626F726465722077696474683D223122207374796C653D22736F6C69642220636F6C6F723D22302C302C30222F3E3C2F63656C6C2D7374796C653E3C646174617365742D76616C756520646174617365742D6E616D653D22E8818CE59198E4BFA1E681AF22206167677265676174653D2267726F7570222070726F70657274793D226A6F625F6E616D6522206F726465723D226E6F6E6522206D617070696E672D747970653D2273696D706C65223E3C2F646174617365742D76616C75653E3C2F63656C6C3E3C63656C6C20657870616E643D22446F776E22206E616D653D2243312220726F773D22312220636F6C3D2233223E3C63656C6C2D7374796C6520666F6E742D73697A653D2231302220616C69676E3D2263656E746572222076616C69676E3D226D6964646C65223E3C6C6566742D626F726465722077696474683D223122207374796C653D22736F6C69642220636F6C6F723D22302C302C30222F3E3C72696768742D626F726465722077696474683D223122207374796C653D22736F6C69642220636F6C6F723D22302C302C30222F3E3C746F702D626F726465722077696474683D223122207374796C653D22736F6C69642220636F6C6F723D22302C302C30222F3E3C626F74746F6D2D626F726465722077696474683D223122207374796C653D22736F6C69642220636F6C6F723D22302C302C30222F3E3C2F63656C6C2D7374796C653E3C646174617365742D76616C756520646174617365742D6E616D653D22E8818CE59198E4BFA1E681AF22206167677265676174653D2267726F7570222070726F70657274793D22656D706C6F7965655F6E616D6522206F726465723D226E6F6E6522206D617070696E672D747970653D2273696D706C65223E3C2F646174617365742D76616C75653E3C2F63656C6C3E3C63656C6C20657870616E643D22446F776E22206E616D653D2244312220726F773D22312220636F6C3D2234223E3C63656C6C2D7374796C6520666F6E742D73697A653D2231302220616C69676E3D2263656E746572222076616C69676E3D226D6964646C65223E3C6C6566742D626F726465722077696474683D223122207374796C653D22736F6C69642220636F6C6F723D22302C302C30222F3E3C72696768742D626F726465722077696474683D223122207374796C653D22736F6C69642220636F6C6F723D22302C302C30222F3E3C746F702D626F726465722077696474683D223122207374796C653D22736F6C69642220636F6C6F723D22302C302C30222F3E3C626F74746F6D2D626F726465722077696474683D223122207374796C653D22736F6C69642220636F6C6F723D22302C302C30222F3E3C2F63656C6C2D7374796C653E3C646174617365742D76616C756520646174617365742D6E616D653D22E8818CE59198E4BFA1E681AF22206167677265676174653D2267726F7570222070726F70657274793D2273616C61727922206F726465723D226E6F6E6522206D617070696E672D747970653D2273696D706C65223E3C2F646174617365742D76616C75653E3C2F63656C6C3E3C63656C6C20657870616E643D224E6F6E6522206E616D653D2241322220726F773D22322220636F6C3D2231223E3C63656C6C2D7374796C6520666F6E742D73697A653D2231302220616C69676E3D2263656E746572222076616C69676E3D226D6964646C65223E3C6C6566742D626F726465722077696474683D223122207374796C653D22736F6C69642220636F6C6F723D22302C302C30222F3E3C72696768742D626F726465722077696474683D223122207374796C653D22736F6C69642220636F6C6F723D22302C302C30222F3E3C746F702D626F726465722077696474683D223122207374796C653D22736F6C69642220636F6C6F723D22302C302C30222F3E3C626F74746F6D2D626F726465722077696474683D223122207374796C653D22736F6C69642220636F6C6F723D22302C302C30222F3E3C2F63656C6C2D7374796C653E3C73696D706C652D76616C75653E3C215B43444154415B5D5D3E3C2F73696D706C652D76616C75653E3C2F63656C6C3E3C63656C6C20657870616E643D224E6F6E6522206E616D653D2242322220726F773D22322220636F6C3D2232223E3C63656C6C2D7374796C6520666F6E742D73697A653D2231302220616C69676E3D2263656E746572222076616C69676E3D226D6964646C65223E3C6C6566742D626F726465722077696474683D223122207374796C653D22736F6C69642220636F6C6F723D22302C302C30222F3E3C72696768742D626F726465722077696474683D223122207374796C653D22736F6C69642220636F6C6F723D22302C302C30222F3E3C746F702D626F726465722077696474683D223122207374796C653D22736F6C69642220636F6C6F723D22302C302C30222F3E3C626F74746F6D2D626F726465722077696474683D223122207374796C653D22736F6C69642220636F6C6F723D22302C302C30222F3E3C2F63656C6C2D7374796C653E3C73696D706C652D76616C75653E3C215B43444154415B5D5D3E3C2F73696D706C652D76616C75653E3C2F63656C6C3E3C63656C6C20657870616E643D224E6F6E6522206E616D653D2243322220726F773D22322220636F6C3D2233223E3C63656C6C2D7374796C6520666F6E742D73697A653D2231302220616C69676E3D2263656E746572222076616C69676E3D226D6964646C65223E3C6C6566742D626F726465722077696474683D223122207374796C653D22736F6C69642220636F6C6F723D22302C302C30222F3E3C72696768742D626F726465722077696474683D223122207374796C653D22736F6C69642220636F6C6F723D22302C302C30222F3E3C746F702D626F726465722077696474683D223122207374796C653D22736F6C69642220636F6C6F723D22302C302C30222F3E3C626F74746F6D2D626F726465722077696474683D223122207374796C653D22736F6C69642220636F6C6F723D22302C302C30222F3E3C2F63656C6C2D7374796C653E3C73696D706C652D76616C75653E3C215B43444154415B5D5D3E3C2F73696D706C652D76616C75653E3C2F63656C6C3E3C63656C6C20657870616E643D224E6F6E6522206E616D653D2244322220726F773D22322220636F6C3D223422206C6566742D63656C6C3D2241312220746F702D63656C6C3D22726F6F74223E3C63656C6C2D7374796C6520666F6E742D73697A653D22313022206267636F6C6F723D2239312C3139322C3232322220666F726D61743D22EFBFA523232C2323232E23232220616C69676E3D2263656E746572222076616C69676E3D226D6964646C65223E3C6C6566742D626F726465722077696474683D223122207374796C653D22736F6C69642220636F6C6F723D22302C302C30222F3E3C72696768742D626F726465722077696474683D223122207374796C653D22736F6C69642220636F6C6F723D22302C302C30222F3E3C746F702D626F726465722077696474683D223122207374796C653D22736F6C69642220636F6C6F723D22302C302C30222F3E3C626F74746F6D2D626F726465722077696474683D223122207374796C653D22736F6C69642220636F6C6F723D22302C302C30222F3E3C2F63656C6C2D7374796C653E3C65787072657373696F6E2D76616C75653E3C215B43444154415B73756D284431295D5D3E3C2F65787072657373696F6E2D76616C75653E3C2F63656C6C3E3C63656C6C20657870616E643D224E6F6E6522206E616D653D2241332220726F773D22332220636F6C3D223122206C6566742D63656C6C3D2241312220636F6C2D7370616E3D2234223E3C63656C6C2D7374796C6520666F6E742D73697A653D2231302220616C69676E3D2263656E746572222076616C69676E3D226D6964646C65223E3C6C6566742D626F726465722077696474683D223122207374796C653D22736F6C69642220636F6C6F723D22302C302C30222F3E3C72696768742D626F726465722077696474683D223122207374796C653D22736F6C69642220636F6C6F723D22302C302C30222F3E3C746F702D626F726465722077696474683D223122207374796C653D22736F6C69642220636F6C6F723D22302C302C30222F3E3C626F74746F6D2D626F726465722077696474683D223122207374796C653D22736F6C69642220636F6C6F723D22302C302C30222F3E3C2F63656C6C2D7374796C653E3C73696D706C652D76616C75653E3C215B43444154415B5D5D3E3C2F73696D706C652D76616C75653E3C2F63656C6C3E3C726F7720726F772D6E756D6265723D223122206865696768743D223138222F3E3C726F7720726F772D6E756D6265723D223222206865696768743D223138222F3E3C726F7720726F772D6E756D6265723D223322206865696768743D223138222F3E3C636F6C756D6E20636F6C2D6E756D6265723D2231222077696474683D22313534222F3E3C636F6C756D6E20636F6C2D6E756D6265723D2232222077696474683D22313338222F3E3C636F6C756D6E20636F6C2D6E756D6265723D2233222077696474683D223830222F3E3C636F6C756D6E20636F6C2D6E756D6265723D2234222077696474683D223830222F3E3C64617461736F75726365206E616D653D22E5B9B3E58FB0E6B58BE8AF95E58685E7BDAEE695B0E68DAEE6BA902220747970653D226275696C64696E223E3C64617461736574206E616D653D22E8818CE59198E4BFA1E681AF2220747970653D2273716C223E3C73716C3E3C215B43444154415B73656C656374202A2066726F6D20656D706C6F7965655D5D3E3C2F73716C3E3C6669656C64206E616D653D22656D706C6F7965655F6964222F3E3C6669656C64206E616D653D22656D706C6F7965655F6E616D65222F3E3C6669656C64206E616D653D22646570745F6E616D65222F3E3C6669656C64206E616D653D226A6F625F6E616D65222F3E3C6669656C64206E616D653D22736578222F3E3C6669656C64206E616D653D226269727468646179222F3E3C6669656C64206E616D653D226D617272696564222F3E3C6669656C64206E616D653D2273616C617279222F3E3C6669656C64206E616D653D22646567726565222F3E3C6669656C64206E616D653D22656D61696C222F3E3C6669656C64206E616D653D2261646472657373222F3E3C2F646174617365743E3C2F64617461736F757263653E3C706170657220747970653D22413422206C6566742D6D617267696E3D223930222072696768742D6D617267696E3D223930220A20202020746F702D6D617267696E3D2237322220626F74746F6D2D6D617267696E3D2237322220706167696E672D6D6F64653D22666974706167652220666978726F77733D2230220A2020202077696474683D2235393522206865696768743D2238343222206F7269656E746174696F6E3D22706F727472616974222068746D6C2D7265706F72742D616C69676E3D226C656674222062672D696D6167653D22222068746D6C2D696E74657276616C2D726566726573682D76616C75653D22302220636F6C756D6E2D656E61626C65643D2266616C7365223E3C2F70617065723E3C2F757265706F72743E, '1', 'bb4d4110b078412697e6c4e8bb31a8e3', '当前报表尚未有详细介绍', '2019-03-14 05:38:14', '2019-03-14 05:38:14', '0', '0');

-- ----------------------------
-- Table structure for user_info
-- ----------------------------
DROP TABLE IF EXISTS `user_info`;
CREATE TABLE `user_info` (
  `user_id` varchar(40) NOT NULL COMMENT '用户id',
  `role_id` varchar(40) DEFAULT NULL COMMENT '角色id',
  `category_id` varchar(40) DEFAULT NULL COMMENT '所属机构id',
  `dept_id` varchar(40) DEFAULT NULL COMMENT '用户所属部门id',
  `user_name` varchar(100) DEFAULT NULL COMMENT '用户名称',
  `birthday` date DEFAULT NULL COMMENT '用户出生日期',
  `gender` varchar(40) DEFAULT NULL COMMENT '用户性别',
  `address` varchar(100) DEFAULT NULL COMMENT '用户地址',
  `phone` varchar(40) DEFAULT NULL COMMENT '用户联系方式',
  `email` varchar(40) DEFAULT NULL COMMENT '用户电子邮箱',
  `create_time` date DEFAULT NULL COMMENT '创建时间',
  `modify_time` date DEFAULT NULL COMMENT '修改时间',
  `user_state` varchar(40) DEFAULT NULL COMMENT '用户状态（0.启用 1.禁用）',
  `user_category` varchar(40) DEFAULT NULL COMMENT '用户分类（0.普通用户-无机构分类 1.归属机构）',
  `user_descr` text,
  `login_account` varchar(100) DEFAULT NULL COMMENT '登录账号',
  `login_password` varchar(100) DEFAULT NULL COMMENT '登录密码',
  `login_image` varchar(100) DEFAULT NULL COMMENT '登录头像路径设置',
  `del_tag` varchar(40) DEFAULT NULL COMMENT '删除标识（0.未删除 1.已删除）',
  PRIMARY KEY (`user_id`)
) ENGINE=InnoDB DEFAULT CHARSET=utf8;

-- ----------------------------
-- Records of user_info
-- ----------------------------
INSERT INTO `user_info` VALUES ('0b5b8e844c57423eba57704c229ea5d5', '37347173e67642788a02bef7fd01d8af', 'c6ac4ae7db204c3ba22a413d626b4d5f', '1e8a91661f944dbb95498b9ec7c7bbad', '陈老师', '2019-02-24', '4bfc9e6b3de94f1fb148052d38f72f09', '', '13800138000', 'cls@163.cn', '2019-02-24', '2019-05-15', '0', '0', '我是浙江理工大学的陈老师', 'cls', '1RjgLHLXcQM', '', '0');
INSERT INTO `user_info` VALUES ('2', '1', '1', 'bb4d4110b078412697e6c4e8bb31a8e3', '小李子', '2017-02-06', '-1', '浙江杭州', '13800138000', 'hahabiu@126.com', '2019-02-16', '2019-04-06', '0', '0', '测试ing', 'hahabibu', '1RjgLHLXcQM', '2222', '0');
INSERT INTO `user_info` VALUES ('302dbf7d14e04efc8161327ee1b68f3e', '-1', '1', 'bb4d4110b078412697e6c4e8bb31a8e3', '嘎嘎嘎嘎嘎', '2019-02-24', '4bfc9e6b3de94f1fb148052d38f72f09', '看看', '13800138000', 'haha@126.com', '2019-02-24', '2019-04-06', '0', '0', '', 'fffffffffffff', '1RjgLHLXcQM', null, '0');
INSERT INTO `user_info` VALUES ('5f615e9274ef4c84828d38cd8c15b3a1', '2', '1', 'bb4d4110b078412697e6c4e8bb31a8e3', '卡卡卡', '2019-03-03', '-1', '看看', '138001380000', '243864959@qq.com', '2019-03-03', '2019-04-06', '0', '1', '', 'fffffffffffff1', '1RjgLHLXcQM', '', '0');
INSERT INTO `user_info` VALUES ('6179777a1f3343d598d0f2708af41b07', '-1', null, '-1', '哈哈哈哈或', '2019-02-24', '4bfc9e6b3de94f1fb148052d38f72f09', '看看', '13800138000', 'haha@1262.com', '2019-02-24', '2019-02-24', '0', '0', '', 'hahabibuee', '1RjgLHLXcQM', null, '0');
INSERT INTO `user_info` VALUES ('9439d1a5a19944a8aab78ac2cee393f6', '-1', '1', '-1', '测试', '2019-02-24', '4bfc9e6b3de94f1fb148052d38f72f09', '', '13800138000', 'test@163.com', '2019-02-24', '2019-03-31', '0', '0', '', 'xixixixi', '1RjgLHLXcQM', null, '0');
INSERT INTO `user_info` VALUES ('98374158a97b424e8b7a5127c6dd59dc', '2', '1', 'bb4d4110b078412697e6c4e8bb31a8e3', '哈哈哈', '2019-02-16', 'bf8892a0913b415db9dcfcde5e126499', '看看', '13800138000', 'haha看看@163.com', null, '2019-03-31', '0', '0', '', 'test01', '1RjgLHLXcQM', '', '0');
INSERT INTO `user_info` VALUES ('98e64f78e2034dc1b98b73662d40c627', 'bbeb4fbe5e3c435f9c35f5d162448f85', 'c6ac4ae7db204c3ba22a413d626b4d5f', '8be887eb7e3e4cbdb1aaf3f76fe5081c', '小傻子', '2019-03-06', '4bfc9e6b3de94f1fb148052d38f72f09', '广东深圳', '13800138000', 'xiaoshazi@163.com', '2019-03-06', '2019-04-09', '0', '0', '我是浙江理工大学的小傻子同学', 'xiaoshazi', '1RjgLHLXcQM', '', '0');
INSERT INTO `user_info` VALUES ('aa5ae64d23154d73a3cb65efa073c5b1', '9320f69a98e34ac4b481a8a1340248c7', 'c6ac4ae7db204c3ba22a413d626b4d5f', null, '浙江理工大学-默认管理员', null, null, null, null, null, '2019-04-07', '2019-04-07', '0', null, '默认管理员，不可删除！', 'admin', '1RjgLHLXcQM', '', null);
INSERT INTO `user_info` VALUES ('e206b4ee6b7046c69ccf06f776f706ee', 'bbeb4fbe5e3c435f9c35f5d162448f85', 'c6ac4ae7db204c3ba22a413d626b4d5f', '1e8a91661f944dbb95498b9ec7c7bbad', '小白', '2019-02-16', 'bf8892a0913b415db9dcfcde5e126499', '浙江杭州', '13800138000', 'xiaobai@163.com', '2019-04-07', '2019-05-15', '0', '0', '我是浙江理工大学的小白同学', 'xiaobai', '1RjgLHLXcQM', null, '0');
